event_id,candidate_individual,status,counting_status,is_candidate_individual
EVT_0001,UNASSIGNED,NO_CONFIRMED_CANDIDATE,UNASSIGNED,False
EVT_0002,UNASSIGNED,NO_CONFIRMED_CANDIDATE,UNASSIGNED,False
EVT_0003,UNASSIGNED,NO_CONFIRMED_CANDIDATE,UNASSIGNED,False
EVT_0004,UNASSIGNED,NO_CONFIRMED_CANDIDATE,UNASSIGNED,False
EVT_0005,UNASSIGNED,NO_CONFIRMED_CANDIDATE,UNASSIGNED,False
EVT_0006,UNASSIGNED,NO_CONFIRMED_CANDIDATE,UNASSIGNED,False
EVT_0007,UNASSIGNED,NO_CONFIRMED_CANDIDATE,UNASSIGNED,False
EVT_0008,UNASSIGNED,NO_CONFIRMED_CANDIDATE,UNASSIGNED,False
EVT_0009,UNASSIGNED,NO_CONFIRMED_CANDIDATE,UNASSIGNED,False
EVT_0010,UNASSIGNED,NO_CONFIRMED_CANDIDATE,UNASSIGNED,False
EVT_0011,UNASSIGNED,NO_CONFIRMED_CANDIDATE,UNASSIGNED,False
EVT_0012,UNASSIGNED,NO_CONFIRMED_CANDIDATE,UNASSIGNED,False
EVT_0013,IND_CAND_01,GROUPED_CANDIDATE,CANDIDATE_INDIVIDUAL,True
EVT_0014,IND_CAND_01,GROUPED_CANDIDATE,CANDIDATE_INDIVIDUAL,True
EVT_0015,IND_CAND_01,GROUPED_CANDIDATE,CANDIDATE_INDIVIDUAL,True
EVT_0016,UNASSIGNED,NO_CONFIRMED_CANDIDATE,UNASSIGNED,False
EVT_0017,UNASSIGNED,NO_CONFIRMED_CANDIDATE,UNASSIGNED,False
EVT_0018,UNASSIGNED,NO_CONFIRMED_CANDIDATE,UNASSIGNED,False
EVT_0019,UNASSIGNED,NO_CONFIRMED_CANDIDATE,UNASSIGNED,False
EVT_0020,UNASSIGNED,NO_CONFIRMED_CANDIDATE,UNASSIGNED,False
EVT_0021,UNASSIGNED,NO_CONFIRMED_CANDIDATE,UNASSIGNED,False
EVT_0022,UNASSIGNED,NO_CONFIRMED_CANDIDATE,UNASSIGNED,False
EVT_0023,UNASSIGNED,NO_CONFIRMED_CANDIDATE,UNASSIGNED,False
EVT_0024,IND_CAND_01,GROUPED_CANDIDATE,CANDIDATE_INDIVIDUAL,True
EVT_0025,IND_CAND_01,GROUPED_CANDIDATE,CANDIDATE_INDIVIDUAL,True
EVT_0026,UNASSIGNED,NO_CONFIRMED_CANDIDATE,UNASSIGNED,False
EVT_0027,UNASSIGNED,NO_CONFIRMED_CANDIDATE,UNASSIGNED,False
EVT_0028,UNASSIGNED,NO_CONFIRMED_CANDIDATE,UNASSIGNED,False
EVT_0029,UNASSIGNED,NO_CONFIRMED_CANDIDATE,UNASSIGNED,False
EVT_0030,UNASSIGNED,NO_CONFIRMED_CANDIDATE,UNASSIGNED,False
EVT_0031,UNASSIGNED,NO_CONFIRMED_CANDIDATE,UNASSIGNED,False
EVT_0032,UNASSIGNED,NO_CONFIRMED_CANDIDATE,UNASSIGNED,False
EVT_0033,UNASSIGNED,NO_CONFIRMED_CANDIDATE,UNASSIGNED,False
EVT_0034,UNASSIGNED,NO_CONFIRMED_CANDIDATE,UNASSIGNED,False
EVT_0035,UNASSIGNED,NO_CONFIRMED_CANDIDATE,UNASSIGNED,False
EVT_0036,UNASSIGNED,NO_CONFIRMED_CANDIDATE,UNASSIGNED,False
EVT_0037,UNASSIGNED,NO_CONFIRMED_CANDIDATE,UNASSIGNED,False
EVT_0038,UNASSIGNED,NO_CONFIRMED_CANDIDATE,UNASSIGNED,False
EVT_0039,UNASSIGNED,NO_CONFIRMED_CANDIDATE,UNASSIGNED,False
EVT_0040,UNASSIGNED,NO_CONFIRMED_CANDIDATE,UNASSIGNED,False
EVT_0041,UNASSIGNED,NO_CONFIRMED_CANDIDATE,UNASSIGNED,False
EVT_0042,UNASSIGNED,NO_CONFIRMED_CANDIDATE,UNASSIGNED,False
EVT_0043,UNASSIGNED,NO_CONFIRMED_CANDIDATE,UNASSIGNED,False
EVT_0044,UNASSIGNED,NO_CONFIRMED_CANDIDATE,UNASSIGNED,False
EVT_0045,UNASSIGNED,NO_CONFIRMED_CANDIDATE,UNASSIGNED,False
EVT_0046,UNASSIGNED,NO_CONFIRMED_CANDIDATE,UNASSIGNED,False
EVT_0047,UNASSIGNED,NO_CONFIRMED_CANDIDATE,UNASSIGNED,False
EVT_0048,UNASSIGNED,NO_CONFIRMED_CANDIDATE,UNASSIGNED,False
EVT_0049,UNASSIGNED,NO_CONFIRMED_CANDIDATE,UNASSIGNED,False
EVT_0050,UNASSIGNED,NO_CONFIRMED_CANDIDATE,UNASSIGNED,False
EVT_0051,UNASSIGNED,NO_CONFIRMED_CANDIDATE,UNASSIGNED,False
EVT_0052,UNASSIGNED,NO_CONFIRMED_CANDIDATE,UNASSIGNED,False
EVT_0053,UNASSIGNED,NO_CONFIRMED_CANDIDATE,UNASSIGNED,False
EVT_0054,UNASSIGNED,NO_CONFIRMED_CANDIDATE,UNASSIGNED,False
EVT_0055,UNASSIGNED,NO_CONFIRMED_CANDIDATE,UNASSIGNED,False
EVT_0056,UNASSIGNED,NO_CONFIRMED_CANDIDATE,UNASSIGNED,False
EVT_0057,IND_CAND_01,GROUPED_CANDIDATE,CANDIDATE_INDIVIDUAL,True
EVT_0058,IND_CAND_01,GROUPED_CANDIDATE,CANDIDATE_INDIVIDUAL,True
EVT_0059,UNASSIGNED,NO_CONFIRMED_CANDIDATE,UNASSIGNED,False
EVT_0060,UNASSIGNED,NO_CONFIRMED_CANDIDATE,UNASSIGNED,False
EVT_0061,UNASSIGNED,NO_CONFIRMED_CANDIDATE,UNASSIGNED,False
EVT_0062,UNASSIGNED,NO_CONFIRMED_CANDIDATE,UNASSIGNED,False
EVT_0063,UNASSIGNED,NO_CONFIRMED_CANDIDATE,UNASSIGNED,False
