event_id,label,foto_1,foto_2,foto_3,timestamp
EVT_0071,null,C:\Users\bagus\OneDrive\Bagus\OneDrive\Dokumen\Magang\01_DATA_ASLI\tanpa_satwa\Rerta 1-tanpa satwa_baseline_BC\CAMTRAP_RERTA_2017_12_12_BC\D EAST 350M BC_CAM11_2017_12_12\100RECNX\IMG_0019.JPG,C:\Users\bagus\OneDrive\Bagus\OneDrive\Dokumen\Magang\01_DATA_ASLI\tanpa_satwa\Rerta 1-tanpa satwa_baseline_BC\CAMTRAP_RERTA_2017_12_12_BC\D EAST 350M BC_CAM11_2017_12_12\100RECNX\IMG_0020.JPG,C:\Users\bagus\OneDrive\Bagus\OneDrive\Dokumen\Magang\01_DATA_ASLI\tanpa_satwa\Rerta 1-tanpa satwa_baseline_BC\CAMTRAP_RERTA_2017_12_12_BC\D EAST 350M BC_CAM11_2017_12_12\100RECNX\IMG_0021.JPG,2017-12-08 09:15:54
EVT_0095,null,C:\Users\bagus\OneDrive\Bagus\OneDrive\Dokumen\Magang\01_DATA_ASLI\tanpa_satwa\Rerta 1-tanpa satwa_baseline_BC\CAMTRAP_RERTA_2017_12_30_BC\B East 350m BC_Cam38_2017_12_30\100RECNX\IMG_0106.JPG,C:\Users\bagus\OneDrive\Bagus\OneDrive\Dokumen\Magang\01_DATA_ASLI\tanpa_satwa\Rerta 1-tanpa satwa_baseline_BC\CAMTRAP_RERTA_2017_12_30_BC\B East 350m BC_Cam38_2017_12_30\100RECNX\IMG_0107.JPG,C:\Users\bagus\OneDrive\Bagus\OneDrive\Dokumen\Magang\01_DATA_ASLI\tanpa_satwa\Rerta 1-tanpa satwa_baseline_BC\CAMTRAP_RERTA_2017_12_30_BC\B East 350m BC_Cam38_2017_12_30\100RECNX\IMG_0108.JPG,2017-12-14 09:56:19
EVT_0042,leopard_cat,C:\Users\bagus\OneDrive\Bagus\OneDrive\Dokumen\Magang\01_DATA_ASLI\leopard_cat\Rerta 1-leopard cat_baseline_BC\A-West-250m-BC-Round 7\IMG_0064.JPG,C:\Users\bagus\OneDrive\Bagus\OneDrive\Dokumen\Magang\01_DATA_ASLI\leopard_cat\Rerta 1-leopard cat_baseline_BC\A-West-250m-BC-Round 7\IMG_0065.JPG,C:\Users\bagus\OneDrive\Bagus\OneDrive\Dokumen\Magang\01_DATA_ASLI\leopard_cat\Rerta 1-leopard cat_baseline_BC\A-West-250m-BC-Round 7\IMG_0066.JPG,2018-01-03 03:45:28
EVT_0113,null,C:\Users\bagus\OneDrive\Bagus\OneDrive\Dokumen\Magang\01_DATA_ASLI\tanpa_satwa\Rerta 1-tanpa satwa_baseline_BC\CAMTRAP_RERTA_2017_12_30_BC\B East 350m BC_Cam38_2017_12_30\100RECNX\IMG_0214.JPG,C:\Users\bagus\OneDrive\Bagus\OneDrive\Dokumen\Magang\01_DATA_ASLI\tanpa_satwa\Rerta 1-tanpa satwa_baseline_BC\CAMTRAP_RERTA_2017_12_30_BC\B East 350m BC_Cam38_2017_12_30\100RECNX\IMG_0215.JPG,C:\Users\bagus\OneDrive\Bagus\OneDrive\Dokumen\Magang\01_DATA_ASLI\tanpa_satwa\Rerta 1-tanpa satwa_baseline_BC\CAMTRAP_RERTA_2017_12_30_BC\B East 350m BC_Cam38_2017_12_30\100RECNX\IMG_0216.JPG,2017-12-23 08:46:01
EVT_0046,leopard_cat,C:\Users\bagus\OneDrive\Bagus\OneDrive\Dokumen\Magang\01_DATA_ASLI\leopard_cat\Rerta 1-leopard cat_baseline_BC\A-West-250m-BC-Round 7\IMG_0130.JPG,C:\Users\bagus\OneDrive\Bagus\OneDrive\Dokumen\Magang\01_DATA_ASLI\leopard_cat\Rerta 1-leopard cat_baseline_BC\A-West-250m-BC-Round 7\IMG_0131.JPG,C:\Users\bagus\OneDrive\Bagus\OneDrive\Dokumen\Magang\01_DATA_ASLI\leopard_cat\Rerta 1-leopard cat_baseline_BC\A-West-250m-BC-Round 7\IMG_0132.JPG,2018-01-09 21:34:28
EVT_0045,leopard_cat,C:\Users\bagus\OneDrive\Bagus\OneDrive\Dokumen\Magang\01_DATA_ASLI\leopard_cat\Rerta 1-leopard cat_baseline_BC\A-West-250m-BC-Round 7\IMG_0127.JPG,C:\Users\bagus\OneDrive\Bagus\OneDrive\Dokumen\Magang\01_DATA_ASLI\leopard_cat\Rerta 1-leopard cat_baseline_BC\A-West-250m-BC-Round 7\IMG_0128.JPG,C:\Users\bagus\OneDrive\Bagus\OneDrive\Dokumen\Magang\01_DATA_ASLI\leopard_cat\Rerta 1-leopard cat_baseline_BC\A-West-250m-BC-Round 7\IMG_0129.JPG,2018-01-09 21:34:25
EVT_0039,leopard_cat,C:\Users\bagus\OneDrive\Bagus\OneDrive\Dokumen\Magang\01_DATA_ASLI\leopard_cat\Rerta 1-leopard cat_baseline_BC\A-West-250m-BC-Round 7\IMG_0031.JPG,C:\Users\bagus\OneDrive\Bagus\OneDrive\Dokumen\Magang\01_DATA_ASLI\leopard_cat\Rerta 1-leopard cat_baseline_BC\A-West-250m-BC-Round 7\IMG_0032.JPG,C:\Users\bagus\OneDrive\Bagus\OneDrive\Dokumen\Magang\01_DATA_ASLI\leopard_cat\Rerta 1-leopard cat_baseline_BC\A-West-250m-BC-Round 7\IMG_0033.JPG,2018-01-02 03:14:47
EVT_0033,leopard_cat,C:\Users\bagus\OneDrive\Bagus\OneDrive\Dokumen\Magang\01_DATA_ASLI\leopard_cat\Rerta 1-leopard cat_baseline_BC\B-East-350m-BC-Round 6\IMG_0250.JPG,C:\Users\bagus\OneDrive\Bagus\OneDrive\Dokumen\Magang\01_DATA_ASLI\leopard_cat\Rerta 1-leopard cat_baseline_BC\B-East-350m-BC-Round 6\IMG_0251.JPG,C:\Users\bagus\OneDrive\Bagus\OneDrive\Dokumen\Magang\01_DATA_ASLI\leopard_cat\Rerta 1-leopard cat_baseline_BC\B-East-350m-BC-Round 6\IMG_0252.JPG,2017-12-24 03:47:11
EVT_0109,null,C:\Users\bagus\OneDrive\Bagus\OneDrive\Dokumen\Magang\01_DATA_ASLI\tanpa_satwa\Rerta 1-tanpa satwa_baseline_BC\CAMTRAP_RERTA_2017_12_30_BC\A West 250m BC_Cam26_2017_12_30\100RECNX\IMG_0097.JPG,C:\Users\bagus\OneDrive\Bagus\OneDrive\Dokumen\Magang\01_DATA_ASLI\tanpa_satwa\Rerta 1-tanpa satwa_baseline_BC\CAMTRAP_RERTA_2017_12_30_BC\A West 250m BC_Cam26_2017_12_30\100RECNX\IMG_0098.JPG,C:\Users\bagus\OneDrive\Bagus\OneDrive\Dokumen\Magang\01_DATA_ASLI\tanpa_satwa\Rerta 1-tanpa satwa_baseline_BC\CAMTRAP_RERTA_2017_12_30_BC\A West 250m BC_Cam26_2017_12_30\100RECNX\IMG_0099.JPG,2017-12-20 08:03:13
EVT_0078,null,C:\Users\bagus\OneDrive\Bagus\OneDrive\Dokumen\Magang\01_DATA_ASLI\tanpa_satwa\Rerta 1-tanpa satwa_baseline_BC\CAMTRAP_RERTA_2017_12_12_BC\A WEST 250M BC_CAM26_2017_12_12\100RECNX\IMG_0082.JPG,C:\Users\bagus\OneDrive\Bagus\OneDrive\Dokumen\Magang\01_DATA_ASLI\tanpa_satwa\Rerta 1-tanpa satwa_baseline_BC\CAMTRAP_RERTA_2017_12_12_BC\A WEST 250M BC_CAM26_2017_12_12\100RECNX\IMG_0083.JPG,C:\Users\bagus\OneDrive\Bagus\OneDrive\Dokumen\Magang\01_DATA_ASLI\tanpa_satwa\Rerta 1-tanpa satwa_baseline_BC\CAMTRAP_RERTA_2017_12_12_BC\A WEST 250M BC_CAM26_2017_12_12\100RECNX\IMG_0084.JPG,2017-12-11 09:03:51
EVT_0070,null,C:\Users\bagus\OneDrive\Bagus\OneDrive\Dokumen\Magang\01_DATA_ASLI\tanpa_satwa\Rerta 1-tanpa satwa_baseline_BC\CAMTRAP_RERTA_2017_12_12_BC\D EAST 350M BC_CAM11_2017_12_12\100RECNX\IMG_0016.JPG,C:\Users\bagus\OneDrive\Bagus\OneDrive\Dokumen\Magang\01_DATA_ASLI\tanpa_satwa\Rerta 1-tanpa satwa_baseline_BC\CAMTRAP_RERTA_2017_12_12_BC\D EAST 350M BC_CAM11_2017_12_12\100RECNX\IMG_0017.JPG,C:\Users\bagus\OneDrive\Bagus\OneDrive\Dokumen\Magang\01_DATA_ASLI\tanpa_satwa\Rerta 1-tanpa satwa_baseline_BC\CAMTRAP_RERTA_2017_12_12_BC\D EAST 350M BC_CAM11_2017_12_12\100RECNX\IMG_0018.JPG,2017-12-08 09:15:20
EVT_0057,leopard_cat,C:\Users\bagus\OneDrive\Bagus\OneDrive\Dokumen\Magang\01_DATA_ASLI\leopard_cat\Rerta 1-leopard cat_baseline_BC\A-West-250m-BC-Round 8\IMG_0238.JPG,C:\Users\bagus\OneDrive\Bagus\OneDrive\Dokumen\Magang\01_DATA_ASLI\leopard_cat\Rerta 1-leopard cat_baseline_BC\A-West-250m-BC-Round 8\IMG_0239.JPG,C:\Users\bagus\OneDrive\Bagus\OneDrive\Dokumen\Magang\01_DATA_ASLI\leopard_cat\Rerta 1-leopard cat_baseline_BC\A-West-250m-BC-Round 8\IMG_0240.JPG,2018-01-19 00:32:18
EVT_0094,null,C:\Users\bagus\OneDrive\Bagus\OneDrive\Dokumen\Magang\01_DATA_ASLI\tanpa_satwa\Rerta 1-tanpa satwa_baseline_BC\CAMTRAP_RERTA_2017_12_30_BC\B East 350m BC_Cam38_2017_12_30\100RECNX\IMG_0094.JPG,C:\Users\bagus\OneDrive\Bagus\OneDrive\Dokumen\Magang\01_DATA_ASLI\tanpa_satwa\Rerta 1-tanpa satwa_baseline_BC\CAMTRAP_RERTA_2017_12_30_BC\B East 350m BC_Cam38_2017_12_30\100RECNX\IMG_0095.JPG,C:\Users\bagus\OneDrive\Bagus\OneDrive\Dokumen\Magang\01_DATA_ASLI\tanpa_satwa\Rerta 1-tanpa satwa_baseline_BC\CAMTRAP_RERTA_2017_12_30_BC\B East 350m BC_Cam38_2017_12_30\100RECNX\IMG_0096.JPG,2017-12-14 09:23:47
EVT_0065,null,C:\Users\bagus\OneDrive\Bagus\OneDrive\Dokumen\Magang\01_DATA_ASLI\tanpa_satwa\Rerta 1-tanpa satwa_baseline_BC\CAMTRAP_RERTA_2017_12_12_BC\C WEST 250M BC_CAM31_2017_12_12\100RECNX\IMG_0079.JPG,C:\Users\bagus\OneDrive\Bagus\OneDrive\Dokumen\Magang\01_DATA_ASLI\tanpa_satwa\Rerta 1-tanpa satwa_baseline_BC\CAMTRAP_RERTA_2017_12_12_BC\C WEST 250M BC_CAM31_2017_12_12\100RECNX\IMG_0080.JPG,C:\Users\bagus\OneDrive\Bagus\OneDrive\Dokumen\Magang\01_DATA_ASLI\tanpa_satwa\Rerta 1-tanpa satwa_baseline_BC\CAMTRAP_RERTA_2017_12_12_BC\C WEST 250M BC_CAM31_2017_12_12\100RECNX\IMG_0081.JPG,2017-11-01 12:33:54
EVT_0080,null,C:\Users\bagus\OneDrive\Bagus\OneDrive\Dokumen\Magang\01_DATA_ASLI\tanpa_satwa\Rerta 1-tanpa satwa_baseline_BC\CAMTRAP_RERTA_2017_12_12_BC\A EAST 350M BC_CAM30_2017_12_12\101RECNX\IMG_0007.JPG,C:\Users\bagus\OneDrive\Bagus\OneDrive\Dokumen\Magang\01_DATA_ASLI\tanpa_satwa\Rerta 1-tanpa satwa_baseline_BC\CAMTRAP_RERTA_2017_12_12_BC\A EAST 350M BC_CAM30_2017_12_12\101RECNX\IMG_0008.JPG,C:\Users\bagus\OneDrive\Bagus\OneDrive\Dokumen\Magang\01_DATA_ASLI\tanpa_satwa\Rerta 1-tanpa satwa_baseline_BC\CAMTRAP_RERTA_2017_12_12_BC\A EAST 350M BC_CAM30_2017_12_12\101RECNX\IMG_0009.JPG,2017-12-11 10:55:32
EVT_0085,null,C:\Users\bagus\OneDrive\Bagus\OneDrive\Dokumen\Magang\01_DATA_ASLI\tanpa_satwa\Rerta 1-tanpa satwa_baseline_BC\CAMTRAP_RERTA_2017_12_30_BC\B East 350m BC_Cam38_2017_12_30\100RECNX\IMG_0028.JPG,C:\Users\bagus\OneDrive\Bagus\OneDrive\Dokumen\Magang\01_DATA_ASLI\tanpa_satwa\Rerta 1-tanpa satwa_baseline_BC\CAMTRAP_RERTA_2017_12_30_BC\B East 350m BC_Cam38_2017_12_30\100RECNX\IMG_0029.JPG,C:\Users\bagus\OneDrive\Bagus\OneDrive\Dokumen\Magang\01_DATA_ASLI\tanpa_satwa\Rerta 1-tanpa satwa_baseline_BC\CAMTRAP_RERTA_2017_12_30_BC\B East 350m BC_Cam38_2017_12_30\100RECNX\IMG_0030.JPG,2017-12-13 06:32:15
EVT_0049,leopard_cat,C:\Users\bagus\OneDrive\Bagus\OneDrive\Dokumen\Magang\01_DATA_ASLI\leopard_cat\Rerta 1-leopard cat_baseline_BC\A-West-250m-BC-Round 8\IMG_0211.JPG,C:\Users\bagus\OneDrive\Bagus\OneDrive\Dokumen\Magang\01_DATA_ASLI\leopard_cat\Rerta 1-leopard cat_baseline_BC\A-West-250m-BC-Round 8\IMG_0212.JPG,C:\Users\bagus\OneDrive\Bagus\OneDrive\Dokumen\Magang\01_DATA_ASLI\leopard_cat\Rerta 1-leopard cat_baseline_BC\A-West-250m-BC-Round 8\IMG_0213.JPG,2018-01-18 04:29:43
EVT_0096,null,C:\Users\bagus\OneDrive\Bagus\OneDrive\Dokumen\Magang\01_DATA_ASLI\tanpa_satwa\Rerta 1-tanpa satwa_baseline_BC\CAMTRAP_RERTA_2017_12_30_BC\B West 250m BC_Cam40_2017_12_30\100RECNX\IMG_0079.JPG,C:\Users\bagus\OneDrive\Bagus\OneDrive\Dokumen\Magang\01_DATA_ASLI\tanpa_satwa\Rerta 1-tanpa satwa_baseline_BC\CAMTRAP_RERTA_2017_12_30_BC\B West 250m BC_Cam40_2017_12_30\100RECNX\IMG_0080.JPG,C:\Users\bagus\OneDrive\Bagus\OneDrive\Dokumen\Magang\01_DATA_ASLI\tanpa_satwa\Rerta 1-tanpa satwa_baseline_BC\CAMTRAP_RERTA_2017_12_30_BC\B West 250m BC_Cam40_2017_12_30\100RECNX\IMG_0081.JPG,2017-12-14 10:34:47
EVT_0111,null,C:\Users\bagus\OneDrive\Bagus\OneDrive\Dokumen\Magang\01_DATA_ASLI\tanpa_satwa\Rerta 1-tanpa satwa_baseline_BC\CAMTRAP_RERTA_2017_12_30_BC\B East 350m BC_Cam38_2017_12_30\100RECNX\IMG_0127.JPG,C:\Users\bagus\OneDrive\Bagus\OneDrive\Dokumen\Magang\01_DATA_ASLI\tanpa_satwa\Rerta 1-tanpa satwa_baseline_BC\CAMTRAP_RERTA_2017_12_30_BC\B East 350m BC_Cam38_2017_12_30\100RECNX\IMG_0128.JPG,C:\Users\bagus\OneDrive\Bagus\OneDrive\Dokumen\Magang\01_DATA_ASLI\tanpa_satwa\Rerta 1-tanpa satwa_baseline_BC\CAMTRAP_RERTA_2017_12_30_BC\B East 350m BC_Cam38_2017_12_30\100RECNX\IMG_0129.JPG,2017-12-21 08:57:26
EVT_0032,leopard_cat,C:\Users\bagus\OneDrive\Bagus\OneDrive\Dokumen\Magang\01_DATA_ASLI\leopard_cat\Rerta 1-leopard cat_baseline_BC\B-East-350m-BC-Round 6\IMG_0247.JPG,C:\Users\bagus\OneDrive\Bagus\OneDrive\Dokumen\Magang\01_DATA_ASLI\leopard_cat\Rerta 1-leopard cat_baseline_BC\B-East-350m-BC-Round 6\IMG_0248.JPG,C:\Users\bagus\OneDrive\Bagus\OneDrive\Dokumen\Magang\01_DATA_ASLI\leopard_cat\Rerta 1-leopard cat_baseline_BC\B-East-350m-BC-Round 6\IMG_0249.JPG,2017-12-24 03:47:06
EVT_0134,null,C:\Users\bagus\OneDrive\Bagus\OneDrive\Dokumen\Magang\01_DATA_ASLI\tanpa_satwa\Rerta 1-tanpa satwa_baseline_BC\CAMTRAP_RERTA_2017_12_30_BC\A West 250m BC_Cam26_2017_12_30\100RECNX\IMG_0166.JPG,C:\Users\bagus\OneDrive\Bagus\OneDrive\Dokumen\Magang\01_DATA_ASLI\tanpa_satwa\Rerta 1-tanpa satwa_baseline_BC\CAMTRAP_RERTA_2017_12_30_BC\A West 250m BC_Cam26_2017_12_30\100RECNX\IMG_0167.JPG,C:\Users\bagus\OneDrive\Bagus\OneDrive\Dokumen\Magang\01_DATA_ASLI\tanpa_satwa\Rerta 1-tanpa satwa_baseline_BC\CAMTRAP_RERTA_2017_12_30_BC\A West 250m BC_Cam26_2017_12_30\100RECNX\IMG_0168.JPG,2017-12-28 12:06:34
EVT_0030,leopard_cat,C:\Users\bagus\OneDrive\Bagus\OneDrive\Dokumen\Magang\01_DATA_ASLI\leopard_cat\Rerta 1-leopard cat_baseline_BC\B-East-350m-BC-Round 6\IMG_0241.JPG,C:\Users\bagus\OneDrive\Bagus\OneDrive\Dokumen\Magang\01_DATA_ASLI\leopard_cat\Rerta 1-leopard cat_baseline_BC\B-East-350m-BC-Round 6\IMG_0242.JPG,C:\Users\bagus\OneDrive\Bagus\OneDrive\Dokumen\Magang\01_DATA_ASLI\leopard_cat\Rerta 1-leopard cat_baseline_BC\B-East-350m-BC-Round 6\IMG_0243.JPG,2017-12-24 03:46:53
EVT_0019,leopard_cat,C:\Users\bagus\OneDrive\Bagus\OneDrive\Dokumen\Magang\01_DATA_ASLI\leopard_cat\Rerta 1-leopard cat_baseline_BC\A-West-250m-BC-Round 4\IMG_0061.JPG,C:\Users\bagus\OneDrive\Bagus\OneDrive\Dokumen\Magang\01_DATA_ASLI\leopard_cat\Rerta 1-leopard cat_baseline_BC\A-West-250m-BC-Round 4\IMG_0062.JPG,C:\Users\bagus\OneDrive\Bagus\OneDrive\Dokumen\Magang\01_DATA_ASLI\leopard_cat\Rerta 1-leopard cat_baseline_BC\A-West-250m-BC-Round 4\IMG_0063.JPG,2017-12-08 04:01:36
EVT_0135,null,C:\Users\bagus\OneDrive\Bagus\OneDrive\Dokumen\Magang\01_DATA_ASLI\tanpa_satwa\Rerta 1-tanpa satwa_baseline_BC\CAMTRAP_RERTA_2017_12_30_BC\A West 250m BC_Cam26_2017_12_30\100RECNX\IMG_0169.JPG,C:\Users\bagus\OneDrive\Bagus\OneDrive\Dokumen\Magang\01_DATA_ASLI\tanpa_satwa\Rerta 1-tanpa satwa_baseline_BC\CAMTRAP_RERTA_2017_12_30_BC\A West 250m BC_Cam26_2017_12_30\100RECNX\IMG_0170.JPG,C:\Users\bagus\OneDrive\Bagus\OneDrive\Dokumen\Magang\01_DATA_ASLI\tanpa_satwa\Rerta 1-tanpa satwa_baseline_BC\CAMTRAP_RERTA_2017_12_30_BC\A West 250m BC_Cam26_2017_12_30\100RECNX\IMG_0171.JPG,2017-12-28 16:09:07
EVT_0053,leopard_cat,C:\Users\bagus\OneDrive\Bagus\OneDrive\Dokumen\Magang\01_DATA_ASLI\leopard_cat\Rerta 1-leopard cat_baseline_BC\A-West-250m-BC-Round 8\IMG_0226.JPG,C:\Users\bagus\OneDrive\Bagus\OneDrive\Dokumen\Magang\01_DATA_ASLI\leopard_cat\Rerta 1-leopard cat_baseline_BC\A-West-250m-BC-Round 8\IMG_0227.JPG,C:\Users\bagus\OneDrive\Bagus\OneDrive\Dokumen\Magang\01_DATA_ASLI\leopard_cat\Rerta 1-leopard cat_baseline_BC\A-West-250m-BC-Round 8\IMG_0228.JPG,2018-01-18 18:59:22
EVT_0058,leopard_cat,C:\Users\bagus\OneDrive\Bagus\OneDrive\Dokumen\Magang\01_DATA_ASLI\leopard_cat\Rerta 1-leopard cat_baseline_BC\A-West-250m-BC-Round 8\IMG_0241.JPG,C:\Users\bagus\OneDrive\Bagus\OneDrive\Dokumen\Magang\01_DATA_ASLI\leopard_cat\Rerta 1-leopard cat_baseline_BC\A-West-250m-BC-Round 8\IMG_0242.JPG,C:\Users\bagus\OneDrive\Bagus\OneDrive\Dokumen\Magang\01_DATA_ASLI\leopard_cat\Rerta 1-leopard cat_baseline_BC\A-West-250m-BC-Round 8\IMG_0243.JPG,2018-01-19 00:32:23
EVT_0127,null,C:\Users\bagus\OneDrive\Bagus\OneDrive\Dokumen\Magang\01_DATA_ASLI\tanpa_satwa\Rerta 1-tanpa satwa_baseline_BC\CAMTRAP_RERTA_2017_12_30_BC\B West 250m BC_Cam40_2017_12_30\100RECNX\IMG_0199.JPG,C:\Users\bagus\OneDrive\Bagus\OneDrive\Dokumen\Magang\01_DATA_ASLI\tanpa_satwa\Rerta 1-tanpa satwa_baseline_BC\CAMTRAP_RERTA_2017_12_30_BC\B West 250m BC_Cam40_2017_12_30\100RECNX\IMG_0200.JPG,C:\Users\bagus\OneDrive\Bagus\OneDrive\Dokumen\Magang\01_DATA_ASLI\tanpa_satwa\Rerta 1-tanpa satwa_baseline_BC\CAMTRAP_RERTA_2017_12_30_BC\B West 250m BC_Cam40_2017_12_30\100RECNX\IMG_0201.JPG,2017-12-26 11:43:59
EVT_0073,null,C:\Users\bagus\OneDrive\Bagus\OneDrive\Dokumen\Magang\01_DATA_ASLI\tanpa_satwa\Rerta 1-tanpa satwa_baseline_BC\CAMTRAP_RERTA_2017_12_12_BC\D EAST 350M BC_CAM11_2017_12_12\100RECNX\IMG_0223.JPG,C:\Users\bagus\OneDrive\Bagus\OneDrive\Dokumen\Magang\01_DATA_ASLI\tanpa_satwa\Rerta 1-tanpa satwa_baseline_BC\CAMTRAP_RERTA_2017_12_12_BC\D EAST 350M BC_CAM11_2017_12_12\100RECNX\IMG_0224.JPG,C:\Users\bagus\OneDrive\Bagus\OneDrive\Dokumen\Magang\01_DATA_ASLI\tanpa_satwa\Rerta 1-tanpa satwa_baseline_BC\CAMTRAP_RERTA_2017_12_12_BC\D EAST 350M BC_CAM11_2017_12_12\100RECNX\IMG_0225.JPG,2017-12-08 09:21:51
EVT_0056,leopard_cat,C:\Users\bagus\OneDrive\Bagus\OneDrive\Dokumen\Magang\01_DATA_ASLI\leopard_cat\Rerta 1-leopard cat_baseline_BC\A-West-250m-BC-Round 8\IMG_0235.JPG,C:\Users\bagus\OneDrive\Bagus\OneDrive\Dokumen\Magang\01_DATA_ASLI\leopard_cat\Rerta 1-leopard cat_baseline_BC\A-West-250m-BC-Round 8\IMG_0236.JPG,C:\Users\bagus\OneDrive\Bagus\OneDrive\Dokumen\Magang\01_DATA_ASLI\leopard_cat\Rerta 1-leopard cat_baseline_BC\A-West-250m-BC-Round 8\IMG_0237.JPG,2018-01-19 00:31:07
EVT_0021,leopard_cat,C:\Users\bagus\OneDrive\Bagus\OneDrive\Dokumen\Magang\01_DATA_ASLI\leopard_cat\Rerta 1-leopard cat_baseline_BC\A-West-250m-BC-Round 4\IMG_0067.JPG,C:\Users\bagus\OneDrive\Bagus\OneDrive\Dokumen\Magang\01_DATA_ASLI\leopard_cat\Rerta 1-leopard cat_baseline_BC\A-West-250m-BC-Round 4\IMG_0068.JPG,C:\Users\bagus\OneDrive\Bagus\OneDrive\Dokumen\Magang\01_DATA_ASLI\leopard_cat\Rerta 1-leopard cat_baseline_BC\A-West-250m-BC-Round 4\IMG_0069.JPG,2017-12-08 04:24:26
EVT_0026,leopard_cat,C:\Users\bagus\OneDrive\Bagus\OneDrive\Dokumen\Magang\01_DATA_ASLI\leopard_cat\Rerta 1-leopard cat_baseline_BC\A-West-250m-BC-Round 6\IMG_0085.JPG,C:\Users\bagus\OneDrive\Bagus\OneDrive\Dokumen\Magang\01_DATA_ASLI\leopard_cat\Rerta 1-leopard cat_baseline_BC\A-West-250m-BC-Round 6\IMG_0086.JPG,C:\Users\bagus\OneDrive\Bagus\OneDrive\Dokumen\Magang\01_DATA_ASLI\leopard_cat\Rerta 1-leopard cat_baseline_BC\A-West-250m-BC-Round 6\IMG_0087.JPG,2017-12-17 18:42:37
EVT_0114,null,C:\Users\bagus\OneDrive\Bagus\OneDrive\Dokumen\Magang\01_DATA_ASLI\tanpa_satwa\Rerta 1-tanpa satwa_baseline_BC\CAMTRAP_RERTA_2017_12_30_BC\B West 250m BC_Cam40_2017_12_30\100RECNX\IMG_0178.JPG,C:\Users\bagus\OneDrive\Bagus\OneDrive\Dokumen\Magang\01_DATA_ASLI\tanpa_satwa\Rerta 1-tanpa satwa_baseline_BC\CAMTRAP_RERTA_2017_12_30_BC\B West 250m BC_Cam40_2017_12_30\100RECNX\IMG_0179.JPG,C:\Users\bagus\OneDrive\Bagus\OneDrive\Dokumen\Magang\01_DATA_ASLI\tanpa_satwa\Rerta 1-tanpa satwa_baseline_BC\CAMTRAP_RERTA_2017_12_30_BC\B West 250m BC_Cam40_2017_12_30\100RECNX\IMG_0180.JPG,2017-12-23 09:57:20
EVT_0023,leopard_cat,C:\Users\bagus\OneDrive\Bagus\OneDrive\Dokumen\Magang\01_DATA_ASLI\leopard_cat\Rerta 1-leopard cat_baseline_BC\A-East-350m-BC-Round 4\IMG_0076.JPG,C:\Users\bagus\OneDrive\Bagus\OneDrive\Dokumen\Magang\01_DATA_ASLI\leopard_cat\Rerta 1-leopard cat_baseline_BC\A-East-350m-BC-Round 4\IMG_0077.JPG,C:\Users\bagus\OneDrive\Bagus\OneDrive\Dokumen\Magang\01_DATA_ASLI\leopard_cat\Rerta 1-leopard cat_baseline_BC\A-East-350m-BC-Round 4\IMG_0078.JPG,2017-12-09 07:18:56
EVT_0012,leopard_cat,C:\Users\bagus\OneDrive\Bagus\OneDrive\Dokumen\Magang\01_DATA_ASLI\leopard_cat\Rerta 1-leopard cat_baseline_BC\A-West-250m-BC-Round 4\IMG_0040.JPG,C:\Users\bagus\OneDrive\Bagus\OneDrive\Dokumen\Magang\01_DATA_ASLI\leopard_cat\Rerta 1-leopard cat_baseline_BC\A-West-250m-BC-Round 4\IMG_0041.JPG,C:\Users\bagus\OneDrive\Bagus\OneDrive\Dokumen\Magang\01_DATA_ASLI\leopard_cat\Rerta 1-leopard cat_baseline_BC\A-West-250m-BC-Round 4\IMG_0042.JPG,2017-12-08 00:33:15
EVT_0124,null,C:\Users\bagus\OneDrive\Bagus\OneDrive\Dokumen\Magang\01_DATA_ASLI\tanpa_satwa\Rerta 1-tanpa satwa_baseline_BC\CAMTRAP_RERTA_2017_12_30_BC\A West 250m BC_Cam26_2017_12_30\100RECNX\IMG_0133.JPG,C:\Users\bagus\OneDrive\Bagus\OneDrive\Dokumen\Magang\01_DATA_ASLI\tanpa_satwa\Rerta 1-tanpa satwa_baseline_BC\CAMTRAP_RERTA_2017_12_30_BC\A West 250m BC_Cam26_2017_12_30\100RECNX\IMG_0134.JPG,C:\Users\bagus\OneDrive\Bagus\OneDrive\Dokumen\Magang\01_DATA_ASLI\tanpa_satwa\Rerta 1-tanpa satwa_baseline_BC\CAMTRAP_RERTA_2017_12_30_BC\A West 250m BC_Cam26_2017_12_30\100RECNX\IMG_0135.JPG,2017-12-26 08:07:00
EVT_0027,leopard_cat,C:\Users\bagus\OneDrive\Bagus\OneDrive\Dokumen\Magang\01_DATA_ASLI\leopard_cat\Rerta 1-leopard cat_baseline_BC\A-West-250m-BC-Round 6\IMG_0088.JPG,C:\Users\bagus\OneDrive\Bagus\OneDrive\Dokumen\Magang\01_DATA_ASLI\leopard_cat\Rerta 1-leopard cat_baseline_BC\A-West-250m-BC-Round 6\IMG_0089.JPG,C:\Users\bagus\OneDrive\Bagus\OneDrive\Dokumen\Magang\01_DATA_ASLI\leopard_cat\Rerta 1-leopard cat_baseline_BC\A-West-250m-BC-Round 6\IMG_0090.JPG,2017-12-18 06:32:24
EVT_0025,leopard_cat,C:\Users\bagus\OneDrive\Bagus\OneDrive\Dokumen\Magang\01_DATA_ASLI\leopard_cat\Rerta 1-leopard cat_baseline_BC\A-West-250m-BC-Round 6\IMG_0082.JPG,C:\Users\bagus\OneDrive\Bagus\OneDrive\Dokumen\Magang\01_DATA_ASLI\leopard_cat\Rerta 1-leopard cat_baseline_BC\A-West-250m-BC-Round 6\IMG_0083.JPG,C:\Users\bagus\OneDrive\Bagus\OneDrive\Dokumen\Magang\01_DATA_ASLI\leopard_cat\Rerta 1-leopard cat_baseline_BC\A-West-250m-BC-Round 6\IMG_0084.JPG,2017-12-17 18:42:29
EVT_0122,null,C:\Users\bagus\OneDrive\Bagus\OneDrive\Dokumen\Magang\01_DATA_ASLI\tanpa_satwa\Rerta 1-tanpa satwa_baseline_BC\CAMTRAP_RERTA_2017_12_30_BC\A East 350m BC_Cam30_2017_12_30\103RECNX\IMG_0028.JPG,C:\Users\bagus\OneDrive\Bagus\OneDrive\Dokumen\Magang\01_DATA_ASLI\tanpa_satwa\Rerta 1-tanpa satwa_baseline_BC\CAMTRAP_RERTA_2017_12_30_BC\A East 350m BC_Cam30_2017_12_30\103RECNX\IMG_0029.JPG,C:\Users\bagus\OneDrive\Bagus\OneDrive\Dokumen\Magang\01_DATA_ASLI\tanpa_satwa\Rerta 1-tanpa satwa_baseline_BC\CAMTRAP_RERTA_2017_12_30_BC\A East 350m BC_Cam30_2017_12_30\103RECNX\IMG_0030.JPG,2017-12-24 15:42:01
EVT_0079,null,C:\Users\bagus\OneDrive\Bagus\OneDrive\Dokumen\Magang\01_DATA_ASLI\tanpa_satwa\Rerta 1-tanpa satwa_baseline_BC\CAMTRAP_RERTA_2017_12_12_BC\B WEST 250M BC_CAM40_2017_12_12\100RECNX\IMG_0070.JPG,C:\Users\bagus\OneDrive\Bagus\OneDrive\Dokumen\Magang\01_DATA_ASLI\tanpa_satwa\Rerta 1-tanpa satwa_baseline_BC\CAMTRAP_RERTA_2017_12_12_BC\B WEST 250M BC_CAM40_2017_12_12\100RECNX\IMG_0071.JPG,C:\Users\bagus\OneDrive\Bagus\OneDrive\Dokumen\Magang\01_DATA_ASLI\tanpa_satwa\Rerta 1-tanpa satwa_baseline_BC\CAMTRAP_RERTA_2017_12_12_BC\B WEST 250M BC_CAM40_2017_12_12\100RECNX\IMG_0072.JPG,2017-12-11 09:26:43
EVT_0120,null,C:\Users\bagus\OneDrive\Bagus\OneDrive\Dokumen\Magang\01_DATA_ASLI\tanpa_satwa\Rerta 1-tanpa satwa_baseline_BC\CAMTRAP_RERTA_2017_12_30_BC\A West 250m BC_Cam26_2017_12_30\100RECNX\IMG_0124.JPG,C:\Users\bagus\OneDrive\Bagus\OneDrive\Dokumen\Magang\01_DATA_ASLI\tanpa_satwa\Rerta 1-tanpa satwa_baseline_BC\CAMTRAP_RERTA_2017_12_30_BC\A West 250m BC_Cam26_2017_12_30\100RECNX\IMG_0125.JPG,C:\Users\bagus\OneDrive\Bagus\OneDrive\Dokumen\Magang\01_DATA_ASLI\tanpa_satwa\Rerta 1-tanpa satwa_baseline_BC\CAMTRAP_RERTA_2017_12_30_BC\A West 250m BC_Cam26_2017_12_30\100RECNX\IMG_0126.JPG,2017-12-23 14:08:46
EVT_0020,leopard_cat,C:\Users\bagus\OneDrive\Bagus\OneDrive\Dokumen\Magang\01_DATA_ASLI\leopard_cat\Rerta 1-leopard cat_baseline_BC\A-West-250m-BC-Round 4\IMG_0064.JPG,C:\Users\bagus\OneDrive\Bagus\OneDrive\Dokumen\Magang\01_DATA_ASLI\leopard_cat\Rerta 1-leopard cat_baseline_BC\A-West-250m-BC-Round 4\IMG_0065.JPG,C:\Users\bagus\OneDrive\Bagus\OneDrive\Dokumen\Magang\01_DATA_ASLI\leopard_cat\Rerta 1-leopard cat_baseline_BC\A-West-250m-BC-Round 4\IMG_0066.JPG,2017-12-08 04:24:20
EVT_0100,null,C:\Users\bagus\OneDrive\Bagus\OneDrive\Dokumen\Magang\01_DATA_ASLI\tanpa_satwa\Rerta 1-tanpa satwa_baseline_BC\CAMTRAP_RERTA_2017_12_30_BC\B West 250m BC_Cam40_2017_12_30\100RECNX\IMG_0115.JPG,C:\Users\bagus\OneDrive\Bagus\OneDrive\Dokumen\Magang\01_DATA_ASLI\tanpa_satwa\Rerta 1-tanpa satwa_baseline_BC\CAMTRAP_RERTA_2017_12_30_BC\B West 250m BC_Cam40_2017_12_30\100RECNX\IMG_0116.JPG,C:\Users\bagus\OneDrive\Bagus\OneDrive\Dokumen\Magang\01_DATA_ASLI\tanpa_satwa\Rerta 1-tanpa satwa_baseline_BC\CAMTRAP_RERTA_2017_12_30_BC\B West 250m BC_Cam40_2017_12_30\100RECNX\IMG_0117.JPG,2017-12-15 09:11:31
EVT_0088,null,C:\Users\bagus\OneDrive\Bagus\OneDrive\Dokumen\Magang\01_DATA_ASLI\tanpa_satwa\Rerta 1-tanpa satwa_baseline_BC\CAMTRAP_RERTA_2017_12_30_BC\B East 350m BC_Cam38_2017_12_30\100RECNX\IMG_0037.JPG,C:\Users\bagus\OneDrive\Bagus\OneDrive\Dokumen\Magang\01_DATA_ASLI\tanpa_satwa\Rerta 1-tanpa satwa_baseline_BC\CAMTRAP_RERTA_2017_12_30_BC\B East 350m BC_Cam38_2017_12_30\100RECNX\IMG_0038.JPG,C:\Users\bagus\OneDrive\Bagus\OneDrive\Dokumen\Magang\01_DATA_ASLI\tanpa_satwa\Rerta 1-tanpa satwa_baseline_BC\CAMTRAP_RERTA_2017_12_30_BC\B East 350m BC_Cam38_2017_12_30\100RECNX\IMG_0039.JPG,2017-12-13 06:32:50
EVT_0063,leopard_cat,C:\Users\bagus\OneDrive\Bagus\OneDrive\Dokumen\Magang\01_DATA_ASLI\leopard_cat\Rerta 1-leopard cat_baseline_BC\A-West-250m-BC-Round 8\IMG_0310.JPG,C:\Users\bagus\OneDrive\Bagus\OneDrive\Dokumen\Magang\01_DATA_ASLI\leopard_cat\Rerta 1-leopard cat_baseline_BC\A-West-250m-BC-Round 8\IMG_0311.JPG,C:\Users\bagus\OneDrive\Bagus\OneDrive\Dokumen\Magang\01_DATA_ASLI\leopard_cat\Rerta 1-leopard cat_baseline_BC\A-West-250m-BC-Round 8\IMG_0312.JPG,2018-01-26 20:45:54
EVT_0051,leopard_cat,C:\Users\bagus\OneDrive\Bagus\OneDrive\Dokumen\Magang\01_DATA_ASLI\leopard_cat\Rerta 1-leopard cat_baseline_BC\A-West-250m-BC-Round 8\IMG_0220.JPG,C:\Users\bagus\OneDrive\Bagus\OneDrive\Dokumen\Magang\01_DATA_ASLI\leopard_cat\Rerta 1-leopard cat_baseline_BC\A-West-250m-BC-Round 8\IMG_0221.JPG,C:\Users\bagus\OneDrive\Bagus\OneDrive\Dokumen\Magang\01_DATA_ASLI\leopard_cat\Rerta 1-leopard cat_baseline_BC\A-West-250m-BC-Round 8\IMG_0222.JPG,2018-01-18 18:59:07
EVT_0090,null,C:\Users\bagus\OneDrive\Bagus\OneDrive\Dokumen\Magang\01_DATA_ASLI\tanpa_satwa\Rerta 1-tanpa satwa_baseline_BC\CAMTRAP_RERTA_2017_12_30_BC\B East 350m BC_Cam38_2017_12_30\100RECNX\IMG_0055.JPG,C:\Users\bagus\OneDrive\Bagus\OneDrive\Dokumen\Magang\01_DATA_ASLI\tanpa_satwa\Rerta 1-tanpa satwa_baseline_BC\CAMTRAP_RERTA_2017_12_30_BC\B East 350m BC_Cam38_2017_12_30\100RECNX\IMG_0056.JPG,C:\Users\bagus\OneDrive\Bagus\OneDrive\Dokumen\Magang\01_DATA_ASLI\tanpa_satwa\Rerta 1-tanpa satwa_baseline_BC\CAMTRAP_RERTA_2017_12_30_BC\B East 350m BC_Cam38_2017_12_30\100RECNX\IMG_0057.JPG,2017-12-13 06:41:56
EVT_0034,leopard_cat,C:\Users\bagus\OneDrive\Bagus\OneDrive\Dokumen\Magang\01_DATA_ASLI\leopard_cat\Rerta 1-leopard cat_baseline_BC\A-West-250m-BC-Round 6\IMG_0142.JPG,C:\Users\bagus\OneDrive\Bagus\OneDrive\Dokumen\Magang\01_DATA_ASLI\leopard_cat\Rerta 1-leopard cat_baseline_BC\A-West-250m-BC-Round 6\IMG_0143.JPG,C:\Users\bagus\OneDrive\Bagus\OneDrive\Dokumen\Magang\01_DATA_ASLI\leopard_cat\Rerta 1-leopard cat_baseline_BC\A-West-250m-BC-Round 6\IMG_0144.JPG,2017-12-27 06:40:55
EVT_0017,leopard_cat,C:\Users\bagus\OneDrive\Bagus\OneDrive\Dokumen\Magang\01_DATA_ASLI\leopard_cat\Rerta 1-leopard cat_baseline_BC\A-West-250m-BC-Round 4\IMG_0055.JPG,C:\Users\bagus\OneDrive\Bagus\OneDrive\Dokumen\Magang\01_DATA_ASLI\leopard_cat\Rerta 1-leopard cat_baseline_BC\A-West-250m-BC-Round 4\IMG_0056.JPG,C:\Users\bagus\OneDrive\Bagus\OneDrive\Dokumen\Magang\01_DATA_ASLI\leopard_cat\Rerta 1-leopard cat_baseline_BC\A-West-250m-BC-Round 4\IMG_0057.JPG,2017-12-08 04:01:15
EVT_0047,leopard_cat,C:\Users\bagus\OneDrive\Bagus\OneDrive\Dokumen\Magang\01_DATA_ASLI\leopard_cat\Rerta 1-leopard cat_baseline_BC\A-West-250m-BC-Round 7\IMG_0136.JPG,C:\Users\bagus\OneDrive\Bagus\OneDrive\Dokumen\Magang\01_DATA_ASLI\leopard_cat\Rerta 1-leopard cat_baseline_BC\A-West-250m-BC-Round 7\IMG_0137.JPG,C:\Users\bagus\OneDrive\Bagus\OneDrive\Dokumen\Magang\01_DATA_ASLI\leopard_cat\Rerta 1-leopard cat_baseline_BC\A-West-250m-BC-Round 7\IMG_0138.JPG,2018-01-11 00:15:50
EVT_0083,null,C:\Users\bagus\OneDrive\Bagus\OneDrive\Dokumen\Magang\01_DATA_ASLI\tanpa_satwa\Rerta 1-tanpa satwa_baseline_BC\CAMTRAP_RERTA_2017_12_30_BC\A East 350m BC_Cam30_2017_12_30\100RECNX\IMG_0022.JPG,C:\Users\bagus\OneDrive\Bagus\OneDrive\Dokumen\Magang\01_DATA_ASLI\tanpa_satwa\Rerta 1-tanpa satwa_baseline_BC\CAMTRAP_RERTA_2017_12_30_BC\A East 350m BC_Cam30_2017_12_30\100RECNX\IMG_0023.JPG,C:\Users\bagus\OneDrive\Bagus\OneDrive\Dokumen\Magang\01_DATA_ASLI\tanpa_satwa\Rerta 1-tanpa satwa_baseline_BC\CAMTRAP_RERTA_2017_12_30_BC\A East 350m BC_Cam30_2017_12_30\100RECNX\IMG_0024.JPG,2017-12-12 10:19:14
EVT_0052,leopard_cat,C:\Users\bagus\OneDrive\Bagus\OneDrive\Dokumen\Magang\01_DATA_ASLI\leopard_cat\Rerta 1-leopard cat_baseline_BC\A-West-250m-BC-Round 8\IMG_0223.JPG,C:\Users\bagus\OneDrive\Bagus\OneDrive\Dokumen\Magang\01_DATA_ASLI\leopard_cat\Rerta 1-leopard cat_baseline_BC\A-West-250m-BC-Round 8\IMG_0224.JPG,C:\Users\bagus\OneDrive\Bagus\OneDrive\Dokumen\Magang\01_DATA_ASLI\leopard_cat\Rerta 1-leopard cat_baseline_BC\A-West-250m-BC-Round 8\IMG_0225.JPG,2018-01-18 18:59:12
EVT_0068,null,C:\Users\bagus\OneDrive\Bagus\OneDrive\Dokumen\Magang\01_DATA_ASLI\tanpa_satwa\Rerta 1-tanpa satwa_baseline_BC\CAMTRAP_RERTA_2017_12_12_BC\D EAST 350M BC_CAM11_2017_12_12\100RECNX\IMG_0010.JPG,C:\Users\bagus\OneDrive\Bagus\OneDrive\Dokumen\Magang\01_DATA_ASLI\tanpa_satwa\Rerta 1-tanpa satwa_baseline_BC\CAMTRAP_RERTA_2017_12_12_BC\D EAST 350M BC_CAM11_2017_12_12\100RECNX\IMG_0011.JPG,C:\Users\bagus\OneDrive\Bagus\OneDrive\Dokumen\Magang\01_DATA_ASLI\tanpa_satwa\Rerta 1-tanpa satwa_baseline_BC\CAMTRAP_RERTA_2017_12_12_BC\D EAST 350M BC_CAM11_2017_12_12\100RECNX\IMG_0012.JPG,2017-12-08 09:14:56
EVT_0001,leopard_cat,C:\Users\bagus\OneDrive\Bagus\OneDrive\Dokumen\Magang\01_DATA_ASLI\leopard_cat\Rerta 1-leopard cat_baseline_BC\A-East-150m-BC-Round 1\IMG_0034.JPG,C:\Users\bagus\OneDrive\Bagus\OneDrive\Dokumen\Magang\01_DATA_ASLI\leopard_cat\Rerta 1-leopard cat_baseline_BC\A-East-150m-BC-Round 1\IMG_0035.JPG,C:\Users\bagus\OneDrive\Bagus\OneDrive\Dokumen\Magang\01_DATA_ASLI\leopard_cat\Rerta 1-leopard cat_baseline_BC\A-East-150m-BC-Round 1\IMG_0036.JPG,2017-10-19 04:00:20
EVT_0082,null,C:\Users\bagus\OneDrive\Bagus\OneDrive\Dokumen\Magang\01_DATA_ASLI\tanpa_satwa\Rerta 1-tanpa satwa_baseline_BC\CAMTRAP_RERTA_2017_12_12_BC\D EAST 350M BC_CAM11_2017_12_12\100RECNX\IMG_0265.JPG,C:\Users\bagus\OneDrive\Bagus\OneDrive\Dokumen\Magang\01_DATA_ASLI\tanpa_satwa\Rerta 1-tanpa satwa_baseline_BC\CAMTRAP_RERTA_2017_12_12_BC\D EAST 350M BC_CAM11_2017_12_12\100RECNX\IMG_0266.JPG,C:\Users\bagus\OneDrive\Bagus\OneDrive\Dokumen\Magang\01_DATA_ASLI\tanpa_satwa\Rerta 1-tanpa satwa_baseline_BC\CAMTRAP_RERTA_2017_12_12_BC\D EAST 350M BC_CAM11_2017_12_12\100RECNX\IMG_0267.JPG,2017-12-12 08:34:08
EVT_0129,null,C:\Users\bagus\OneDrive\Bagus\OneDrive\Dokumen\Magang\01_DATA_ASLI\tanpa_satwa\Rerta 1-tanpa satwa_baseline_BC\CAMTRAP_RERTA_2017_12_30_BC\B West 250m BC_Cam40_2017_12_30\100RECNX\IMG_0217.JPG,C:\Users\bagus\OneDrive\Bagus\OneDrive\Dokumen\Magang\01_DATA_ASLI\tanpa_satwa\Rerta 1-tanpa satwa_baseline_BC\CAMTRAP_RERTA_2017_12_30_BC\B West 250m BC_Cam40_2017_12_30\100RECNX\IMG_0218.JPG,C:\Users\bagus\OneDrive\Bagus\OneDrive\Dokumen\Magang\01_DATA_ASLI\tanpa_satwa\Rerta 1-tanpa satwa_baseline_BC\CAMTRAP_RERTA_2017_12_30_BC\B West 250m BC_Cam40_2017_12_30\100RECNX\IMG_0219.JPG,2017-12-26 11:50:33
EVT_0084,null,C:\Users\bagus\OneDrive\Bagus\OneDrive\Dokumen\Magang\01_DATA_ASLI\tanpa_satwa\Rerta 1-tanpa satwa_baseline_BC\CAMTRAP_RERTA_2017_12_30_BC\B West 250m BC_Cam40_2017_12_30\100RECNX\IMG_0019.JPG,C:\Users\bagus\OneDrive\Bagus\OneDrive\Dokumen\Magang\01_DATA_ASLI\tanpa_satwa\Rerta 1-tanpa satwa_baseline_BC\CAMTRAP_RERTA_2017_12_30_BC\B West 250m BC_Cam40_2017_12_30\100RECNX\IMG_0020.JPG,C:\Users\bagus\OneDrive\Bagus\OneDrive\Dokumen\Magang\01_DATA_ASLI\tanpa_satwa\Rerta 1-tanpa satwa_baseline_BC\CAMTRAP_RERTA_2017_12_30_BC\B West 250m BC_Cam40_2017_12_30\100RECNX\IMG_0021.JPG,2017-12-12 10:54:19
EVT_0118,null,C:\Users\bagus\OneDrive\Bagus\OneDrive\Dokumen\Magang\01_DATA_ASLI\tanpa_satwa\Rerta 1-tanpa satwa_baseline_BC\CAMTRAP_RERTA_2017_12_30_BC\B East 350m BC_Cam38_2017_12_30\100RECNX\IMG_0226.JPG,C:\Users\bagus\OneDrive\Bagus\OneDrive\Dokumen\Magang\01_DATA_ASLI\tanpa_satwa\Rerta 1-tanpa satwa_baseline_BC\CAMTRAP_RERTA_2017_12_30_BC\B East 350m BC_Cam38_2017_12_30\100RECNX\IMG_0227.JPG,C:\Users\bagus\OneDrive\Bagus\OneDrive\Dokumen\Magang\01_DATA_ASLI\tanpa_satwa\Rerta 1-tanpa satwa_baseline_BC\CAMTRAP_RERTA_2017_12_30_BC\B East 350m BC_Cam38_2017_12_30\100RECNX\IMG_0228.JPG,2017-12-23 13:55:42
EVT_0125,null,C:\Users\bagus\OneDrive\Bagus\OneDrive\Dokumen\Magang\01_DATA_ASLI\tanpa_satwa\Rerta 1-tanpa satwa_baseline_BC\CAMTRAP_RERTA_2017_12_30_BC\A East 350m BC_Cam30_2017_12_30\103RECNX\IMG_0079.JPG,C:\Users\bagus\OneDrive\Bagus\OneDrive\Dokumen\Magang\01_DATA_ASLI\tanpa_satwa\Rerta 1-tanpa satwa_baseline_BC\CAMTRAP_RERTA_2017_12_30_BC\A East 350m BC_Cam30_2017_12_30\103RECNX\IMG_0080.JPG,C:\Users\bagus\OneDrive\Bagus\OneDrive\Dokumen\Magang\01_DATA_ASLI\tanpa_satwa\Rerta 1-tanpa satwa_baseline_BC\CAMTRAP_RERTA_2017_12_30_BC\A East 350m BC_Cam30_2017_12_30\103RECNX\IMG_0081.JPG,2017-12-26 08:44:20
EVT_0132,null,C:\Users\bagus\OneDrive\Bagus\OneDrive\Dokumen\Magang\01_DATA_ASLI\tanpa_satwa\Rerta 1-tanpa satwa_baseline_BC\CAMTRAP_RERTA_2017_12_30_BC\A West 250m BC_Cam26_2017_12_30\100RECNX\IMG_0151.JPG,C:\Users\bagus\OneDrive\Bagus\OneDrive\Dokumen\Magang\01_DATA_ASLI\tanpa_satwa\Rerta 1-tanpa satwa_baseline_BC\CAMTRAP_RERTA_2017_12_30_BC\A West 250m BC_Cam26_2017_12_30\100RECNX\IMG_0152.JPG,C:\Users\bagus\OneDrive\Bagus\OneDrive\Dokumen\Magang\01_DATA_ASLI\tanpa_satwa\Rerta 1-tanpa satwa_baseline_BC\CAMTRAP_RERTA_2017_12_30_BC\A West 250m BC_Cam26_2017_12_30\100RECNX\IMG_0153.JPG,2017-12-28 08:02:10
EVT_0062,leopard_cat,C:\Users\bagus\OneDrive\Bagus\OneDrive\Dokumen\Magang\01_DATA_ASLI\leopard_cat\Rerta 1-leopard cat_baseline_BC\A-West-250m-BC-Round 8\IMG_0283.JPG,C:\Users\bagus\OneDrive\Bagus\OneDrive\Dokumen\Magang\01_DATA_ASLI\leopard_cat\Rerta 1-leopard cat_baseline_BC\A-West-250m-BC-Round 8\IMG_0284.JPG,C:\Users\bagus\OneDrive\Bagus\OneDrive\Dokumen\Magang\01_DATA_ASLI\leopard_cat\Rerta 1-leopard cat_baseline_BC\A-West-250m-BC-Round 8\IMG_0285.JPG,2018-01-19 18:52:50
EVT_0126,null,C:\Users\bagus\OneDrive\Bagus\OneDrive\Dokumen\Magang\01_DATA_ASLI\tanpa_satwa\Rerta 1-tanpa satwa_baseline_BC\CAMTRAP_RERTA_2017_12_30_BC\B West 250m BC_Cam40_2017_12_30\100RECNX\IMG_0184.JPG,C:\Users\bagus\OneDrive\Bagus\OneDrive\Dokumen\Magang\01_DATA_ASLI\tanpa_satwa\Rerta 1-tanpa satwa_baseline_BC\CAMTRAP_RERTA_2017_12_30_BC\B West 250m BC_Cam40_2017_12_30\100RECNX\IMG_0185.JPG,C:\Users\bagus\OneDrive\Bagus\OneDrive\Dokumen\Magang\01_DATA_ASLI\tanpa_satwa\Rerta 1-tanpa satwa_baseline_BC\CAMTRAP_RERTA_2017_12_30_BC\B West 250m BC_Cam40_2017_12_30\100RECNX\IMG_0186.JPG,2017-12-26 09:07:53
EVT_0005,leopard_cat,C:\Users\bagus\OneDrive\Bagus\OneDrive\Dokumen\Magang\01_DATA_ASLI\leopard_cat\Rerta 1-leopard cat_baseline_BC\B-East-150m-BC-Round 2\IMG_0241.JPG,C:\Users\bagus\OneDrive\Bagus\OneDrive\Dokumen\Magang\01_DATA_ASLI\leopard_cat\Rerta 1-leopard cat_baseline_BC\B-East-150m-BC-Round 2\IMG_0242.JPG,C:\Users\bagus\OneDrive\Bagus\OneDrive\Dokumen\Magang\01_DATA_ASLI\leopard_cat\Rerta 1-leopard cat_baseline_BC\B-East-150m-BC-Round 2\IMG_0243.JPG,2017-11-06 16:42:29
EVT_0031,leopard_cat,C:\Users\bagus\OneDrive\Bagus\OneDrive\Dokumen\Magang\01_DATA_ASLI\leopard_cat\Rerta 1-leopard cat_baseline_BC\B-East-350m-BC-Round 6\IMG_0244.JPG,C:\Users\bagus\OneDrive\Bagus\OneDrive\Dokumen\Magang\01_DATA_ASLI\leopard_cat\Rerta 1-leopard cat_baseline_BC\B-East-350m-BC-Round 6\IMG_0245.JPG,C:\Users\bagus\OneDrive\Bagus\OneDrive\Dokumen\Magang\01_DATA_ASLI\leopard_cat\Rerta 1-leopard cat_baseline_BC\B-East-350m-BC-Round 6\IMG_0246.JPG,2017-12-24 03:47:02
EVT_0011,leopard_cat,C:\Users\bagus\OneDrive\Bagus\OneDrive\Dokumen\Magang\01_DATA_ASLI\leopard_cat\Rerta 1-leopard cat_baseline_BC\A-West-50m-BC-Round 3\IMG_0031.JPG,C:\Users\bagus\OneDrive\Bagus\OneDrive\Dokumen\Magang\01_DATA_ASLI\leopard_cat\Rerta 1-leopard cat_baseline_BC\A-West-50m-BC-Round 3\IMG_0032.JPG,C:\Users\bagus\OneDrive\Bagus\OneDrive\Dokumen\Magang\01_DATA_ASLI\leopard_cat\Rerta 1-leopard cat_baseline_BC\A-West-50m-BC-Round 3\IMG_0033.JPG,2017-11-20 18:55:43
EVT_0036,leopard_cat,C:\Users\bagus\OneDrive\Bagus\OneDrive\Dokumen\Magang\01_DATA_ASLI\leopard_cat\Rerta 1-leopard cat_baseline_BC\A-East-350m-BC-Round 7\IMG 2 (3).JPG,C:\Users\bagus\OneDrive\Bagus\OneDrive\Dokumen\Magang\01_DATA_ASLI\leopard_cat\Rerta 1-leopard cat_baseline_BC\A-East-350m-BC-Round 7\IMG 2 (4).JPG,C:\Users\bagus\OneDrive\Bagus\OneDrive\Dokumen\Magang\01_DATA_ASLI\leopard_cat\Rerta 1-leopard cat_baseline_BC\A-East-350m-BC-Round 7\IMG 2 (5).JPG,2018-01-02 00:18:50
EVT_0024,leopard_cat,C:\Users\bagus\OneDrive\Bagus\OneDrive\Dokumen\Magang\01_DATA_ASLI\leopard_cat\Rerta 1-leopard cat_baseline_BC\A-West-250m-BC-Round 6\IMG_0079.JPG,C:\Users\bagus\OneDrive\Bagus\OneDrive\Dokumen\Magang\01_DATA_ASLI\leopard_cat\Rerta 1-leopard cat_baseline_BC\A-West-250m-BC-Round 6\IMG_0080.JPG,C:\Users\bagus\OneDrive\Bagus\OneDrive\Dokumen\Magang\01_DATA_ASLI\leopard_cat\Rerta 1-leopard cat_baseline_BC\A-West-250m-BC-Round 6\IMG_0081.JPG,2017-12-17 18:41:50
EVT_0066,null,C:\Users\bagus\OneDrive\Bagus\OneDrive\Dokumen\Magang\01_DATA_ASLI\tanpa_satwa\Rerta 1-tanpa satwa_baseline_BC\CAMTRAP_RERTA_2017_12_12_BC\C WEST 250M BC_CAM31_2017_12_12\100RECNX\IMG_0127.JPG,C:\Users\bagus\OneDrive\Bagus\OneDrive\Dokumen\Magang\01_DATA_ASLI\tanpa_satwa\Rerta 1-tanpa satwa_baseline_BC\CAMTRAP_RERTA_2017_12_12_BC\C WEST 250M BC_CAM31_2017_12_12\100RECNX\IMG_0128.JPG,C:\Users\bagus\OneDrive\Bagus\OneDrive\Dokumen\Magang\01_DATA_ASLI\tanpa_satwa\Rerta 1-tanpa satwa_baseline_BC\CAMTRAP_RERTA_2017_12_12_BC\C WEST 250M BC_CAM31_2017_12_12\100RECNX\IMG_0129.JPG,2017-11-11 08:31:44
EVT_0054,leopard_cat,C:\Users\bagus\OneDrive\Bagus\OneDrive\Dokumen\Magang\01_DATA_ASLI\leopard_cat\Rerta 1-leopard cat_baseline_BC\A-West-250m-BC-Round 8\IMG_0229.JPG,C:\Users\bagus\OneDrive\Bagus\OneDrive\Dokumen\Magang\01_DATA_ASLI\leopard_cat\Rerta 1-leopard cat_baseline_BC\A-West-250m-BC-Round 8\IMG_0230.JPG,C:\Users\bagus\OneDrive\Bagus\OneDrive\Dokumen\Magang\01_DATA_ASLI\leopard_cat\Rerta 1-leopard cat_baseline_BC\A-West-250m-BC-Round 8\IMG_0231.JPG,2018-01-18 18:59:26
EVT_0103,null,C:\Users\bagus\OneDrive\Bagus\OneDrive\Dokumen\Magang\01_DATA_ASLI\tanpa_satwa\Rerta 1-tanpa satwa_baseline_BC\CAMTRAP_RERTA_2017_12_30_BC\B West 250m BC_Cam40_2017_12_30\100RECNX\IMG_0127.JPG,C:\Users\bagus\OneDrive\Bagus\OneDrive\Dokumen\Magang\01_DATA_ASLI\tanpa_satwa\Rerta 1-tanpa satwa_baseline_BC\CAMTRAP_RERTA_2017_12_30_BC\B West 250m BC_Cam40_2017_12_30\100RECNX\IMG_0128.JPG,C:\Users\bagus\OneDrive\Bagus\OneDrive\Dokumen\Magang\01_DATA_ASLI\tanpa_satwa\Rerta 1-tanpa satwa_baseline_BC\CAMTRAP_RERTA_2017_12_30_BC\B West 250m BC_Cam40_2017_12_30\100RECNX\IMG_0129.JPG,2017-12-16 11:17:20
EVT_0029,leopard_cat,C:\Users\bagus\OneDrive\Bagus\OneDrive\Dokumen\Magang\01_DATA_ASLI\leopard_cat\Rerta 1-leopard cat_baseline_BC\A-East-350m-BC-Round 6\IMG_0007.JPG,C:\Users\bagus\OneDrive\Bagus\OneDrive\Dokumen\Magang\01_DATA_ASLI\leopard_cat\Rerta 1-leopard cat_baseline_BC\A-East-350m-BC-Round 6\IMG_0008.JPG,C:\Users\bagus\OneDrive\Bagus\OneDrive\Dokumen\Magang\01_DATA_ASLI\leopard_cat\Rerta 1-leopard cat_baseline_BC\A-East-350m-BC-Round 6\IMG_0009.JPG,2017-12-23 06:01:41
EVT_0037,leopard_cat,C:\Users\bagus\OneDrive\Bagus\OneDrive\Dokumen\Magang\01_DATA_ASLI\leopard_cat\Rerta 1-leopard cat_baseline_BC\A-East-350m-BC-Round 7\IMG 2 (6).JPG,C:\Users\bagus\OneDrive\Bagus\OneDrive\Dokumen\Magang\01_DATA_ASLI\leopard_cat\Rerta 1-leopard cat_baseline_BC\A-East-350m-BC-Round 7\IMG 2 (1).JPG,C:\Users\bagus\OneDrive\Bagus\OneDrive\Dokumen\Magang\01_DATA_ASLI\leopard_cat\Rerta 1-leopard cat_baseline_BC\A-East-350m-BC-Round 7\IMG 2 (2).JPG,2018-01-02 00:18:56
EVT_0075,null,C:\Users\bagus\OneDrive\Bagus\OneDrive\Dokumen\Magang\01_DATA_ASLI\tanpa_satwa\Rerta 1-tanpa satwa_baseline_BC\CAMTRAP_RERTA_2017_12_12_BC\D WEST 250M BC_CAM44_2017_12_12\100RECNX\IMG_0061.JPG,C:\Users\bagus\OneDrive\Bagus\OneDrive\Dokumen\Magang\01_DATA_ASLI\tanpa_satwa\Rerta 1-tanpa satwa_baseline_BC\CAMTRAP_RERTA_2017_12_12_BC\D WEST 250M BC_CAM44_2017_12_12\100RECNX\IMG_0062.JPG,C:\Users\bagus\OneDrive\Bagus\OneDrive\Dokumen\Magang\01_DATA_ASLI\tanpa_satwa\Rerta 1-tanpa satwa_baseline_BC\CAMTRAP_RERTA_2017_12_12_BC\D WEST 250M BC_CAM44_2017_12_12\100RECNX\IMG_0063.JPG,2017-12-10 10:45:33
EVT_0102,null,C:\Users\bagus\OneDrive\Bagus\OneDrive\Dokumen\Magang\01_DATA_ASLI\tanpa_satwa\Rerta 1-tanpa satwa_baseline_BC\CAMTRAP_RERTA_2017_12_30_BC\A West 250m BC_Cam26_2017_12_30\100RECNX\IMG_0058.JPG,C:\Users\bagus\OneDrive\Bagus\OneDrive\Dokumen\Magang\01_DATA_ASLI\tanpa_satwa\Rerta 1-tanpa satwa_baseline_BC\CAMTRAP_RERTA_2017_12_30_BC\A West 250m BC_Cam26_2017_12_30\100RECNX\IMG_0059.JPG,C:\Users\bagus\OneDrive\Bagus\OneDrive\Dokumen\Magang\01_DATA_ASLI\tanpa_satwa\Rerta 1-tanpa satwa_baseline_BC\CAMTRAP_RERTA_2017_12_30_BC\A West 250m BC_Cam26_2017_12_30\100RECNX\IMG_0060.JPG,2017-12-15 10:47:53
EVT_0119,null,C:\Users\bagus\OneDrive\Bagus\OneDrive\Dokumen\Magang\01_DATA_ASLI\tanpa_satwa\Rerta 1-tanpa satwa_baseline_BC\CAMTRAP_RERTA_2017_12_30_BC\B East 350m BC_Cam38_2017_12_30\100RECNX\IMG_0232.JPG,C:\Users\bagus\OneDrive\Bagus\OneDrive\Dokumen\Magang\01_DATA_ASLI\tanpa_satwa\Rerta 1-tanpa satwa_baseline_BC\CAMTRAP_RERTA_2017_12_30_BC\B East 350m BC_Cam38_2017_12_30\100RECNX\IMG_0233.JPG,C:\Users\bagus\OneDrive\Bagus\OneDrive\Dokumen\Magang\01_DATA_ASLI\tanpa_satwa\Rerta 1-tanpa satwa_baseline_BC\CAMTRAP_RERTA_2017_12_30_BC\B East 350m BC_Cam38_2017_12_30\100RECNX\IMG_0234.JPG,2017-12-23 13:56:03
EVT_0013,leopard_cat,C:\Users\bagus\OneDrive\Bagus\OneDrive\Dokumen\Magang\01_DATA_ASLI\leopard_cat\Rerta 1-leopard cat_baseline_BC\A-West-250m-BC-Round 4\IMG_0043.JPG,C:\Users\bagus\OneDrive\Bagus\OneDrive\Dokumen\Magang\01_DATA_ASLI\leopard_cat\Rerta 1-leopard cat_baseline_BC\A-West-250m-BC-Round 4\IMG_0044.JPG,C:\Users\bagus\OneDrive\Bagus\OneDrive\Dokumen\Magang\01_DATA_ASLI\leopard_cat\Rerta 1-leopard cat_baseline_BC\A-West-250m-BC-Round 4\IMG_0045.JPG,2017-12-08 00:33:18
EVT_0128,null,C:\Users\bagus\OneDrive\Bagus\OneDrive\Dokumen\Magang\01_DATA_ASLI\tanpa_satwa\Rerta 1-tanpa satwa_baseline_BC\CAMTRAP_RERTA_2017_12_30_BC\B West 250m BC_Cam40_2017_12_30\100RECNX\IMG_0205.JPG,C:\Users\bagus\OneDrive\Bagus\OneDrive\Dokumen\Magang\01_DATA_ASLI\tanpa_satwa\Rerta 1-tanpa satwa_baseline_BC\CAMTRAP_RERTA_2017_12_30_BC\B West 250m BC_Cam40_2017_12_30\100RECNX\IMG_0206.JPG,C:\Users\bagus\OneDrive\Bagus\OneDrive\Dokumen\Magang\01_DATA_ASLI\tanpa_satwa\Rerta 1-tanpa satwa_baseline_BC\CAMTRAP_RERTA_2017_12_30_BC\B West 250m BC_Cam40_2017_12_30\100RECNX\IMG_0207.JPG,2017-12-26 11:48:38
EVT_0014,leopard_cat,C:\Users\bagus\OneDrive\Bagus\OneDrive\Dokumen\Magang\01_DATA_ASLI\leopard_cat\Rerta 1-leopard cat_baseline_BC\A-West-250m-BC-Round 4\IMG_0046.JPG,C:\Users\bagus\OneDrive\Bagus\OneDrive\Dokumen\Magang\01_DATA_ASLI\leopard_cat\Rerta 1-leopard cat_baseline_BC\A-West-250m-BC-Round 4\IMG_0047.JPG,C:\Users\bagus\OneDrive\Bagus\OneDrive\Dokumen\Magang\01_DATA_ASLI\leopard_cat\Rerta 1-leopard cat_baseline_BC\A-West-250m-BC-Round 4\IMG_0048.JPG,2017-12-08 00:33:21
EVT_0043,leopard_cat,C:\Users\bagus\OneDrive\Bagus\OneDrive\Dokumen\Magang\01_DATA_ASLI\leopard_cat\Rerta 1-leopard cat_baseline_BC\A-East-350m-BC-Round 7\IMG 3 (1).JPG,C:\Users\bagus\OneDrive\Bagus\OneDrive\Dokumen\Magang\01_DATA_ASLI\leopard_cat\Rerta 1-leopard cat_baseline_BC\A-East-350m-BC-Round 7\IMG 3 (2).JPG,C:\Users\bagus\OneDrive\Bagus\OneDrive\Dokumen\Magang\01_DATA_ASLI\leopard_cat\Rerta 1-leopard cat_baseline_BC\A-East-350m-BC-Round 7\IMG 3 (3).JPG,2018-01-05 18:22:13
EVT_0097,null,C:\Users\bagus\OneDrive\Bagus\OneDrive\Dokumen\Magang\01_DATA_ASLI\tanpa_satwa\Rerta 1-tanpa satwa_baseline_BC\CAMTRAP_RERTA_2017_12_30_BC\A East 350m BC_Cam30_2017_12_30\100RECNX\IMG_0100.JPG,C:\Users\bagus\OneDrive\Bagus\OneDrive\Dokumen\Magang\01_DATA_ASLI\tanpa_satwa\Rerta 1-tanpa satwa_baseline_BC\CAMTRAP_RERTA_2017_12_30_BC\A East 350m BC_Cam30_2017_12_30\100RECNX\IMG_0101.JPG,C:\Users\bagus\OneDrive\Bagus\OneDrive\Dokumen\Magang\01_DATA_ASLI\tanpa_satwa\Rerta 1-tanpa satwa_baseline_BC\CAMTRAP_RERTA_2017_12_30_BC\A East 350m BC_Cam30_2017_12_30\100RECNX\IMG_0102.JPG,2017-12-14 14:10:08
EVT_0010,leopard_cat,C:\Users\bagus\OneDrive\Bagus\OneDrive\Dokumen\Magang\01_DATA_ASLI\leopard_cat\Rerta 1-leopard cat_baseline_BC\A-West-50m-BC-Round 3\IMG_0028.JPG,C:\Users\bagus\OneDrive\Bagus\OneDrive\Dokumen\Magang\01_DATA_ASLI\leopard_cat\Rerta 1-leopard cat_baseline_BC\A-West-50m-BC-Round 3\IMG_0029.JPG,C:\Users\bagus\OneDrive\Bagus\OneDrive\Dokumen\Magang\01_DATA_ASLI\leopard_cat\Rerta 1-leopard cat_baseline_BC\A-West-50m-BC-Round 3\IMG_0030.JPG,2017-11-20 18:55:39
EVT_0022,leopard_cat,C:\Users\bagus\OneDrive\Bagus\OneDrive\Dokumen\Magang\01_DATA_ASLI\leopard_cat\Rerta 1-leopard cat_baseline_BC\A-East-350m-BC-Round 4\IMG_0073.JPG,C:\Users\bagus\OneDrive\Bagus\OneDrive\Dokumen\Magang\01_DATA_ASLI\leopard_cat\Rerta 1-leopard cat_baseline_BC\A-East-350m-BC-Round 4\IMG_0074.JPG,C:\Users\bagus\OneDrive\Bagus\OneDrive\Dokumen\Magang\01_DATA_ASLI\leopard_cat\Rerta 1-leopard cat_baseline_BC\A-East-350m-BC-Round 4\IMG_0075.JPG,2017-12-09 07:18:52
EVT_0115,null,C:\Users\bagus\OneDrive\Bagus\OneDrive\Dokumen\Magang\01_DATA_ASLI\tanpa_satwa\Rerta 1-tanpa satwa_baseline_BC\CAMTRAP_RERTA_2017_12_30_BC\B West 250m BC_Cam40_2017_12_30\100RECNX\IMG_0181.JPG,C:\Users\bagus\OneDrive\Bagus\OneDrive\Dokumen\Magang\01_DATA_ASLI\tanpa_satwa\Rerta 1-tanpa satwa_baseline_BC\CAMTRAP_RERTA_2017_12_30_BC\B West 250m BC_Cam40_2017_12_30\100RECNX\IMG_0182.JPG,C:\Users\bagus\OneDrive\Bagus\OneDrive\Dokumen\Magang\01_DATA_ASLI\tanpa_satwa\Rerta 1-tanpa satwa_baseline_BC\CAMTRAP_RERTA_2017_12_30_BC\B West 250m BC_Cam40_2017_12_30\100RECNX\IMG_0183.JPG,2017-12-23 09:57:31
EVT_0059,leopard_cat,C:\Users\bagus\OneDrive\Bagus\OneDrive\Dokumen\Magang\01_DATA_ASLI\leopard_cat\Rerta 1-leopard cat_baseline_BC\A-West-250m-BC-Round 8\IMG_0244.JPG,C:\Users\bagus\OneDrive\Bagus\OneDrive\Dokumen\Magang\01_DATA_ASLI\leopard_cat\Rerta 1-leopard cat_baseline_BC\A-West-250m-BC-Round 8\IMG_0245.JPG,C:\Users\bagus\OneDrive\Bagus\OneDrive\Dokumen\Magang\01_DATA_ASLI\leopard_cat\Rerta 1-leopard cat_baseline_BC\A-West-250m-BC-Round 8\IMG_0246.JPG,2018-01-19 00:32:27
EVT_0116,null,C:\Users\bagus\OneDrive\Bagus\OneDrive\Dokumen\Magang\01_DATA_ASLI\tanpa_satwa\Rerta 1-tanpa satwa_baseline_BC\CAMTRAP_RERTA_2017_12_30_BC\B East 350m BC_Cam38_2017_12_30\100RECNX\IMG_0217.JPG,C:\Users\bagus\OneDrive\Bagus\OneDrive\Dokumen\Magang\01_DATA_ASLI\tanpa_satwa\Rerta 1-tanpa satwa_baseline_BC\CAMTRAP_RERTA_2017_12_30_BC\B East 350m BC_Cam38_2017_12_30\100RECNX\IMG_0218.JPG,C:\Users\bagus\OneDrive\Bagus\OneDrive\Dokumen\Magang\01_DATA_ASLI\tanpa_satwa\Rerta 1-tanpa satwa_baseline_BC\CAMTRAP_RERTA_2017_12_30_BC\B East 350m BC_Cam38_2017_12_30\100RECNX\IMG_0219.JPG,2017-12-23 13:55:22
EVT_0092,null,C:\Users\bagus\OneDrive\Bagus\OneDrive\Dokumen\Magang\01_DATA_ASLI\tanpa_satwa\Rerta 1-tanpa satwa_baseline_BC\CAMTRAP_RERTA_2017_12_30_BC\B East 350m BC_Cam38_2017_12_30\100RECNX\IMG_0064.JPG,C:\Users\bagus\OneDrive\Bagus\OneDrive\Dokumen\Magang\01_DATA_ASLI\tanpa_satwa\Rerta 1-tanpa satwa_baseline_BC\CAMTRAP_RERTA_2017_12_30_BC\B East 350m BC_Cam38_2017_12_30\100RECNX\IMG_0065.JPG,C:\Users\bagus\OneDrive\Bagus\OneDrive\Dokumen\Magang\01_DATA_ASLI\tanpa_satwa\Rerta 1-tanpa satwa_baseline_BC\CAMTRAP_RERTA_2017_12_30_BC\B East 350m BC_Cam38_2017_12_30\100RECNX\IMG_0066.JPG,2017-12-13 08:22:16
EVT_0098,null,C:\Users\bagus\OneDrive\Bagus\OneDrive\Dokumen\Magang\01_DATA_ASLI\tanpa_satwa\Rerta 1-tanpa satwa_baseline_BC\CAMTRAP_RERTA_2017_12_30_BC\B West 250m BC_Cam40_2017_12_30\100RECNX\IMG_0100.JPG,C:\Users\bagus\OneDrive\Bagus\OneDrive\Dokumen\Magang\01_DATA_ASLI\tanpa_satwa\Rerta 1-tanpa satwa_baseline_BC\CAMTRAP_RERTA_2017_12_30_BC\B West 250m BC_Cam40_2017_12_30\100RECNX\IMG_0101.JPG,C:\Users\bagus\OneDrive\Bagus\OneDrive\Dokumen\Magang\01_DATA_ASLI\tanpa_satwa\Rerta 1-tanpa satwa_baseline_BC\CAMTRAP_RERTA_2017_12_30_BC\B West 250m BC_Cam40_2017_12_30\100RECNX\IMG_0102.JPG,2017-12-14 16:37:05
EVT_0064,null,C:\Users\bagus\OneDrive\Bagus\OneDrive\Dokumen\Magang\01_DATA_ASLI\tanpa_satwa\Rerta 1-tanpa satwa_baseline_BC\CAMTRAP_RERTA_2017_12_12_BC\C WEST 250M BC_CAM31_2017_12_12\100RECNX\IMG_0037.JPG,C:\Users\bagus\OneDrive\Bagus\OneDrive\Dokumen\Magang\01_DATA_ASLI\tanpa_satwa\Rerta 1-tanpa satwa_baseline_BC\CAMTRAP_RERTA_2017_12_12_BC\C WEST 250M BC_CAM31_2017_12_12\100RECNX\IMG_0038.JPG,C:\Users\bagus\OneDrive\Bagus\OneDrive\Dokumen\Magang\01_DATA_ASLI\tanpa_satwa\Rerta 1-tanpa satwa_baseline_BC\CAMTRAP_RERTA_2017_12_12_BC\C WEST 250M BC_CAM31_2017_12_12\100RECNX\IMG_0039.JPG,2017-10-28 12:09:56
EVT_0121,null,C:\Users\bagus\OneDrive\Bagus\OneDrive\Dokumen\Magang\01_DATA_ASLI\tanpa_satwa\Rerta 1-tanpa satwa_baseline_BC\CAMTRAP_RERTA_2017_12_30_BC\A East 350m BC_Cam30_2017_12_30\103RECNX\IMG_0010.JPG,C:\Users\bagus\OneDrive\Bagus\OneDrive\Dokumen\Magang\01_DATA_ASLI\tanpa_satwa\Rerta 1-tanpa satwa_baseline_BC\CAMTRAP_RERTA_2017_12_30_BC\A East 350m BC_Cam30_2017_12_30\103RECNX\IMG_0011.JPG,C:\Users\bagus\OneDrive\Bagus\OneDrive\Dokumen\Magang\01_DATA_ASLI\tanpa_satwa\Rerta 1-tanpa satwa_baseline_BC\CAMTRAP_RERTA_2017_12_30_BC\A East 350m BC_Cam30_2017_12_30\103RECNX\IMG_0012.JPG,2017-12-24 15:41:29
EVT_0040,leopard_cat,C:\Users\bagus\OneDrive\Bagus\OneDrive\Dokumen\Magang\01_DATA_ASLI\leopard_cat\Rerta 1-leopard cat_baseline_BC\A-West-250m-BC-Round 7\IMG_0034.JPG,C:\Users\bagus\OneDrive\Bagus\OneDrive\Dokumen\Magang\01_DATA_ASLI\leopard_cat\Rerta 1-leopard cat_baseline_BC\A-West-250m-BC-Round 7\IMG_0035.JPG,C:\Users\bagus\OneDrive\Bagus\OneDrive\Dokumen\Magang\01_DATA_ASLI\leopard_cat\Rerta 1-leopard cat_baseline_BC\A-West-250m-BC-Round 7\IMG_0036.JPG,2018-01-02 03:14:54
EVT_0089,null,C:\Users\bagus\OneDrive\Bagus\OneDrive\Dokumen\Magang\01_DATA_ASLI\tanpa_satwa\Rerta 1-tanpa satwa_baseline_BC\CAMTRAP_RERTA_2017_12_30_BC\B East 350m BC_Cam38_2017_12_30\100RECNX\IMG_0040.JPG,C:\Users\bagus\OneDrive\Bagus\OneDrive\Dokumen\Magang\01_DATA_ASLI\tanpa_satwa\Rerta 1-tanpa satwa_baseline_BC\CAMTRAP_RERTA_2017_12_30_BC\B East 350m BC_Cam38_2017_12_30\100RECNX\IMG_0041.JPG,C:\Users\bagus\OneDrive\Bagus\OneDrive\Dokumen\Magang\01_DATA_ASLI\tanpa_satwa\Rerta 1-tanpa satwa_baseline_BC\CAMTRAP_RERTA_2017_12_30_BC\B East 350m BC_Cam38_2017_12_30\100RECNX\IMG_0042.JPG,2017-12-13 06:32:53
EVT_0091,null,C:\Users\bagus\OneDrive\Bagus\OneDrive\Dokumen\Magang\01_DATA_ASLI\tanpa_satwa\Rerta 1-tanpa satwa_baseline_BC\CAMTRAP_RERTA_2017_12_30_BC\B East 350m BC_Cam38_2017_12_30\100RECNX\IMG_0061.JPG,C:\Users\bagus\OneDrive\Bagus\OneDrive\Dokumen\Magang\01_DATA_ASLI\tanpa_satwa\Rerta 1-tanpa satwa_baseline_BC\CAMTRAP_RERTA_2017_12_30_BC\B East 350m BC_Cam38_2017_12_30\100RECNX\IMG_0062.JPG,C:\Users\bagus\OneDrive\Bagus\OneDrive\Dokumen\Magang\01_DATA_ASLI\tanpa_satwa\Rerta 1-tanpa satwa_baseline_BC\CAMTRAP_RERTA_2017_12_30_BC\B East 350m BC_Cam38_2017_12_30\100RECNX\IMG_0063.JPG,2017-12-13 08:19:11
EVT_0110,null,C:\Users\bagus\OneDrive\Bagus\OneDrive\Dokumen\Magang\01_DATA_ASLI\tanpa_satwa\Rerta 1-tanpa satwa_baseline_BC\CAMTRAP_RERTA_2017_12_30_BC\A West 250m BC_Cam26_2017_12_30\100RECNX\IMG_0103.JPG,C:\Users\bagus\OneDrive\Bagus\OneDrive\Dokumen\Magang\01_DATA_ASLI\tanpa_satwa\Rerta 1-tanpa satwa_baseline_BC\CAMTRAP_RERTA_2017_12_30_BC\A West 250m BC_Cam26_2017_12_30\100RECNX\IMG_0104.JPG,C:\Users\bagus\OneDrive\Bagus\OneDrive\Dokumen\Magang\01_DATA_ASLI\tanpa_satwa\Rerta 1-tanpa satwa_baseline_BC\CAMTRAP_RERTA_2017_12_30_BC\A West 250m BC_Cam26_2017_12_30\100RECNX\IMG_0105.JPG,2017-12-21 08:45:20
EVT_0004,leopard_cat,C:\Users\bagus\OneDrive\Bagus\OneDrive\Dokumen\Magang\01_DATA_ASLI\leopard_cat\Rerta 1-leopard cat_baseline_BC\B-East-150m-BC-Round 2\IMG_0061.JPG,C:\Users\bagus\OneDrive\Bagus\OneDrive\Dokumen\Magang\01_DATA_ASLI\leopard_cat\Rerta 1-leopard cat_baseline_BC\B-East-150m-BC-Round 2\IMG_0062.JPG,C:\Users\bagus\OneDrive\Bagus\OneDrive\Dokumen\Magang\01_DATA_ASLI\leopard_cat\Rerta 1-leopard cat_baseline_BC\B-East-150m-BC-Round 2\IMG_0063.JPG,2017-10-27 19:40:34
EVT_0067,null,C:\Users\bagus\OneDrive\Bagus\OneDrive\Dokumen\Magang\01_DATA_ASLI\tanpa_satwa\Rerta 1-tanpa satwa_baseline_BC\CAMTRAP_RERTA_2017_12_12_BC\D EAST 350M BC_CAM11_2017_12_12\100RECNX\IMG_0007.JPG,C:\Users\bagus\OneDrive\Bagus\OneDrive\Dokumen\Magang\01_DATA_ASLI\tanpa_satwa\Rerta 1-tanpa satwa_baseline_BC\CAMTRAP_RERTA_2017_12_12_BC\D EAST 350M BC_CAM11_2017_12_12\100RECNX\IMG_0008.JPG,C:\Users\bagus\OneDrive\Bagus\OneDrive\Dokumen\Magang\01_DATA_ASLI\tanpa_satwa\Rerta 1-tanpa satwa_baseline_BC\CAMTRAP_RERTA_2017_12_12_BC\D EAST 350M BC_CAM11_2017_12_12\100RECNX\IMG_0009.JPG,2017-12-08 09:14:42
