event_1,event_2,timestamp_1,timestamp_2,time_gap_seconds,time_gap_hours,time_gap_days,similarity
EVT_0026,EVT_0037,2017-12-17 18:42:37,2018-01-02 00:18:56,1316179.0,365.60527777777776,15.23355324074074,0.8049000505728972
EVT_0012,EVT_0026,2017-12-08 00:33:15,2017-12-17 18:42:37,842962.0,234.1561111111111,9.75650462962963,0.7578339940823521
EVT_0012,EVT_0037,2017-12-08 00:33:15,2018-01-02 00:18:56,2159141.0,599.7613888888889,24.990057870370368,0.7026712591388247
EVT_0005,EVT_0026,2017-11-06 16:42:29,2017-12-17 18:42:37,3549608.0,986.0022222222224,41.08342592592593,0.7006970310228422
EVT_0005,EVT_0037,2017-11-06 16:42:29,2018-01-02 00:18:56,4865787.0,1351.6075,56.31697916666667,0.6948671856142828
EVT_0012,EVT_0055,2017-12-08 00:33:15,2018-01-19 00:31:04,3628669.0,1007.9636111111112,41.9984837962963,0.6929537114130909
EVT_0037,EVT_0055,2018-01-02 00:18:56,2018-01-19 00:31:04,1469528.0,408.2022222222223,17.00842592592593,0.690433084201543
EVT_0026,EVT_0055,2017-12-17 18:42:37,2018-01-19 00:31:04,2785707.0,773.8075,32.24197916666667,0.6838297678448542
EVT_0005,EVT_0012,2017-11-06 16:42:29,2017-12-08 00:33:15,2706646.0,751.8461111111111,31.326921296296295,0.6806540882764348
EVT_0012,EVT_0061,2017-12-08 00:33:15,2018-01-19 00:35:28,3628933.0,1008.0369444444444,42.001539351851854,0.6612245174387923
EVT_0037,EVT_0061,2018-01-02 00:18:56,2018-01-19 00:35:28,1469792.0,408.2755555555556,17.011481481481486,0.6137580404495243
EVT_0026,EVT_0061,2017-12-17 18:42:37,2018-01-19 00:35:28,2785971.0,773.8808333333334,32.24503472222222,0.6042171942061847
EVT_0005,EVT_0055,2017-11-06 16:42:29,2018-01-19 00:31:04,6335315.0,1759.8097222222225,73.3254050925926,0.5827724072512438
EVT_0005,EVT_0061,2017-11-06 16:42:29,2018-01-19 00:35:28,6335579.0,1759.8830555555555,73.32846064814815,0.5660640619623355
