event_1,event_2,similarity,time_gap_days,time_gap_hours
EVT_0026,EVT_0037,0.8049000505728972,15.23355324074074,365.60527777777776
EVT_0012,EVT_0026,0.7578339940823521,9.75650462962963,234.1561111111111
EVT_0012,EVT_0037,0.7026712591388247,24.99005787037037,599.7613888888889
EVT_0005,EVT_0026,0.7006970310228422,41.08342592592592,986.0022222222223
EVT_0005,EVT_0037,0.6948671856142828,56.31697916666667,1351.6075
EVT_0012,EVT_0055,0.6929537114130909,41.9984837962963,1007.9636111111112
EVT_0037,EVT_0055,0.690433084201543,17.008425925925927,408.20222222222225
EVT_0026,EVT_0055,0.6838297678448542,32.24197916666667,773.8075
EVT_0005,EVT_0012,0.6806540882764348,31.326921296296295,751.8461111111111
EVT_0012,EVT_0061,0.6612245174387923,42.001539351851854,1008.0369444444444
EVT_0037,EVT_0061,0.6137580404495243,17.011481481481482,408.27555555555557
EVT_0026,EVT_0061,0.6042171942061847,32.24503472222222,773.8808333333334
EVT_0005,EVT_0055,0.5827724072512438,73.32540509259259,1759.8097222222223
EVT_0005,EVT_0061,0.5660640619623355,73.32846064814815,1759.8830555555555
