event_id,foto,path_foto,label_lama,ground_truth,status_review,split
EVT_0002,foto_1,C:\Users\bagus\OneDrive\Bagus\OneDrive\Dokumen\Magang\01_DATA_ASLI\leopard_cat\Rerta 1-leopard cat_baseline_BC\B-East-150m-BC-Round 2\IMG_0055.JPG,kiri,kiri,CONFIRMED,train
EVT_0002,foto_2,C:\Users\bagus\OneDrive\Bagus\OneDrive\Dokumen\Magang\01_DATA_ASLI\leopard_cat\Rerta 1-leopard cat_baseline_BC\B-East-150m-BC-Round 2\IMG_0056.JPG,kiri,kiri,CONFIRMED,train
EVT_0002,foto_3,C:\Users\bagus\OneDrive\Bagus\OneDrive\Dokumen\Magang\01_DATA_ASLI\leopard_cat\Rerta 1-leopard cat_baseline_BC\B-East-150m-BC-Round 2\IMG_0057.JPG,kiri,kiri,CONFIRMED,train
EVT_0003,foto_1,C:\Users\bagus\OneDrive\Bagus\OneDrive\Dokumen\Magang\01_DATA_ASLI\leopard_cat\Rerta 1-leopard cat_baseline_BC\B-East-150m-BC-Round 2\IMG_0058.JPG,kiri,kiri,CONFIRMED,train
EVT_0003,foto_2,C:\Users\bagus\OneDrive\Bagus\OneDrive\Dokumen\Magang\01_DATA_ASLI\leopard_cat\Rerta 1-leopard cat_baseline_BC\B-East-150m-BC-Round 2\IMG_0059.JPG,kiri,kiri,CONFIRMED,train
EVT_0003,foto_3,C:\Users\bagus\OneDrive\Bagus\OneDrive\Dokumen\Magang\01_DATA_ASLI\leopard_cat\Rerta 1-leopard cat_baseline_BC\B-East-150m-BC-Round 2\IMG_0060.JPG,kiri,kiri,CONFIRMED,train
EVT_0005,foto_1,C:\Users\bagus\OneDrive\Bagus\OneDrive\Dokumen\Magang\01_DATA_ASLI\leopard_cat\Rerta 1-leopard cat_baseline_BC\B-East-150m-BC-Round 2\IMG_0241.JPG,belakang,belakang,CONFIRMED,train
EVT_0005,foto_2,C:\Users\bagus\OneDrive\Bagus\OneDrive\Dokumen\Magang\01_DATA_ASLI\leopard_cat\Rerta 1-leopard cat_baseline_BC\B-East-150m-BC-Round 2\IMG_0242.JPG,belakang,belakang,CONFIRMED,train
EVT_0005,foto_3,C:\Users\bagus\OneDrive\Bagus\OneDrive\Dokumen\Magang\01_DATA_ASLI\leopard_cat\Rerta 1-leopard cat_baseline_BC\B-East-150m-BC-Round 2\IMG_0243.JPG,belakang,belakang,CONFIRMED,train
EVT_0007,foto_1,C:\Users\bagus\OneDrive\Bagus\OneDrive\Dokumen\Magang\01_DATA_ASLI\leopard_cat\Rerta 1-leopard cat_baseline_BC\A-West-50m-BC-Round 2\IMG_0268.JPG,kiri,kiri,CONFIRMED,train
EVT_0007,foto_2,C:\Users\bagus\OneDrive\Bagus\OneDrive\Dokumen\Magang\01_DATA_ASLI\leopard_cat\Rerta 1-leopard cat_baseline_BC\A-West-50m-BC-Round 2\IMG_0269.JPG,kiri,kiri,CONFIRMED,train
EVT_0007,foto_3,C:\Users\bagus\OneDrive\Bagus\OneDrive\Dokumen\Magang\01_DATA_ASLI\leopard_cat\Rerta 1-leopard cat_baseline_BC\A-West-50m-BC-Round 2\IMG_0270.JPG,kiri,kiri,CONFIRMED,train
EVT_0008,foto_1,C:\Users\bagus\OneDrive\Bagus\OneDrive\Dokumen\Magang\01_DATA_ASLI\leopard_cat\Rerta 1-leopard cat_baseline_BC\A-West-50m-BC-Round 2\IMG_0271.JPG,kiri,kiri,CONFIRMED,train
EVT_0008,foto_2,C:\Users\bagus\OneDrive\Bagus\OneDrive\Dokumen\Magang\01_DATA_ASLI\leopard_cat\Rerta 1-leopard cat_baseline_BC\A-West-50m-BC-Round 2\IMG_0272.JPG,kiri,kiri,CONFIRMED,train
EVT_0008,foto_3,C:\Users\bagus\OneDrive\Bagus\OneDrive\Dokumen\Magang\01_DATA_ASLI\leopard_cat\Rerta 1-leopard cat_baseline_BC\A-West-50m-BC-Round 2\IMG_0273.JPG,kiri,kiri,CONFIRMED,train
EVT_0009,foto_1,C:\Users\bagus\OneDrive\Bagus\OneDrive\Dokumen\Magang\01_DATA_ASLI\leopard_cat\Rerta 1-leopard cat_baseline_BC\A-West-50m-BC-Round 2\IMG_0274.JPG,kiri,kiri,CONFIRMED,train
EVT_0009,foto_2,C:\Users\bagus\OneDrive\Bagus\OneDrive\Dokumen\Magang\01_DATA_ASLI\leopard_cat\Rerta 1-leopard cat_baseline_BC\A-West-50m-BC-Round 2\IMG_0275.JPG,kiri,kiri,CONFIRMED,train
EVT_0009,foto_3,C:\Users\bagus\OneDrive\Bagus\OneDrive\Dokumen\Magang\01_DATA_ASLI\leopard_cat\Rerta 1-leopard cat_baseline_BC\A-West-50m-BC-Round 2\IMG_0276.JPG,kiri,kiri,CONFIRMED,train
EVT_0011,foto_1,C:\Users\bagus\OneDrive\Bagus\OneDrive\Dokumen\Magang\01_DATA_ASLI\leopard_cat\Rerta 1-leopard cat_baseline_BC\A-West-50m-BC-Round 3\IMG_0031.JPG,kiri,kiri,CONFIRMED,train
EVT_0011,foto_2,C:\Users\bagus\OneDrive\Bagus\OneDrive\Dokumen\Magang\01_DATA_ASLI\leopard_cat\Rerta 1-leopard cat_baseline_BC\A-West-50m-BC-Round 3\IMG_0032.JPG,kiri,kiri,CONFIRMED,train
EVT_0011,foto_3,C:\Users\bagus\OneDrive\Bagus\OneDrive\Dokumen\Magang\01_DATA_ASLI\leopard_cat\Rerta 1-leopard cat_baseline_BC\A-West-50m-BC-Round 3\IMG_0033.JPG,kiri,null,CONFIRMED,train
EVT_0012,foto_1,C:\Users\bagus\OneDrive\Bagus\OneDrive\Dokumen\Magang\01_DATA_ASLI\leopard_cat\Rerta 1-leopard cat_baseline_BC\A-West-250m-BC-Round 4\IMG_0040.JPG,kanan,kanan,CONFIRMED,train
EVT_0012,foto_2,C:\Users\bagus\OneDrive\Bagus\OneDrive\Dokumen\Magang\01_DATA_ASLI\leopard_cat\Rerta 1-leopard cat_baseline_BC\A-West-250m-BC-Round 4\IMG_0041.JPG,depan,depan,CONFIRMED,train
EVT_0012,foto_3,C:\Users\bagus\OneDrive\Bagus\OneDrive\Dokumen\Magang\01_DATA_ASLI\leopard_cat\Rerta 1-leopard cat_baseline_BC\A-West-250m-BC-Round 4\IMG_0042.JPG,depan,depan,CONFIRMED,train
EVT_0015,foto_1,C:\Users\bagus\OneDrive\Bagus\OneDrive\Dokumen\Magang\01_DATA_ASLI\leopard_cat\Rerta 1-leopard cat_baseline_BC\A-West-250m-BC-Round 4\IMG_0049.JPG,depan,depan,CONFIRMED,train
EVT_0015,foto_2,C:\Users\bagus\OneDrive\Bagus\OneDrive\Dokumen\Magang\01_DATA_ASLI\leopard_cat\Rerta 1-leopard cat_baseline_BC\A-West-250m-BC-Round 4\IMG_0050.JPG,depan,depan,CONFIRMED,train
EVT_0015,foto_3,C:\Users\bagus\OneDrive\Bagus\OneDrive\Dokumen\Magang\01_DATA_ASLI\leopard_cat\Rerta 1-leopard cat_baseline_BC\A-West-250m-BC-Round 4\IMG_0051.JPG,kanan,kanan,CONFIRMED,train
EVT_0016,foto_1,C:\Users\bagus\OneDrive\Bagus\OneDrive\Dokumen\Magang\01_DATA_ASLI\leopard_cat\Rerta 1-leopard cat_baseline_BC\A-West-250m-BC-Round 4\IMG_0052.JPG,belakang,belakang,CONFIRMED,train
EVT_0016,foto_2,C:\Users\bagus\OneDrive\Bagus\OneDrive\Dokumen\Magang\01_DATA_ASLI\leopard_cat\Rerta 1-leopard cat_baseline_BC\A-West-250m-BC-Round 4\IMG_0053.JPG,belakang,belakang,CONFIRMED,train
EVT_0016,foto_3,C:\Users\bagus\OneDrive\Bagus\OneDrive\Dokumen\Magang\01_DATA_ASLI\leopard_cat\Rerta 1-leopard cat_baseline_BC\A-West-250m-BC-Round 4\IMG_0054.JPG,kanan,kanan,CONFIRMED,train
EVT_0019,foto_1,C:\Users\bagus\OneDrive\Bagus\OneDrive\Dokumen\Magang\01_DATA_ASLI\leopard_cat\Rerta 1-leopard cat_baseline_BC\A-West-250m-BC-Round 4\IMG_0061.JPG,kiri,tidak_yakin,CONFIRMED,train
EVT_0019,foto_2,C:\Users\bagus\OneDrive\Bagus\OneDrive\Dokumen\Magang\01_DATA_ASLI\leopard_cat\Rerta 1-leopard cat_baseline_BC\A-West-250m-BC-Round 4\IMG_0062.JPG,kiri,kiri,CONFIRMED,train
EVT_0019,foto_3,C:\Users\bagus\OneDrive\Bagus\OneDrive\Dokumen\Magang\01_DATA_ASLI\leopard_cat\Rerta 1-leopard cat_baseline_BC\A-West-250m-BC-Round 4\IMG_0063.JPG,kiri,kiri,CONFIRMED,train
EVT_0020,foto_1,C:\Users\bagus\OneDrive\Bagus\OneDrive\Dokumen\Magang\01_DATA_ASLI\leopard_cat\Rerta 1-leopard cat_baseline_BC\A-West-250m-BC-Round 4\IMG_0064.JPG,kanan,kanan,CONFIRMED,train
EVT_0020,foto_2,C:\Users\bagus\OneDrive\Bagus\OneDrive\Dokumen\Magang\01_DATA_ASLI\leopard_cat\Rerta 1-leopard cat_baseline_BC\A-West-250m-BC-Round 4\IMG_0065.JPG,kanan,kanan,CONFIRMED,train
EVT_0020,foto_3,C:\Users\bagus\OneDrive\Bagus\OneDrive\Dokumen\Magang\01_DATA_ASLI\leopard_cat\Rerta 1-leopard cat_baseline_BC\A-West-250m-BC-Round 4\IMG_0066.JPG,kanan,kanan,CONFIRMED,train
EVT_0021,foto_1,C:\Users\bagus\OneDrive\Bagus\OneDrive\Dokumen\Magang\01_DATA_ASLI\leopard_cat\Rerta 1-leopard cat_baseline_BC\A-West-250m-BC-Round 4\IMG_0067.JPG,kanan,kanan,CONFIRMED,train
EVT_0021,foto_2,C:\Users\bagus\OneDrive\Bagus\OneDrive\Dokumen\Magang\01_DATA_ASLI\leopard_cat\Rerta 1-leopard cat_baseline_BC\A-West-250m-BC-Round 4\IMG_0068.JPG,kanan,kanan,CONFIRMED,train
EVT_0021,foto_3,C:\Users\bagus\OneDrive\Bagus\OneDrive\Dokumen\Magang\01_DATA_ASLI\leopard_cat\Rerta 1-leopard cat_baseline_BC\A-West-250m-BC-Round 4\IMG_0069.JPG,kanan,kanan,CONFIRMED,train
EVT_0022,foto_1,C:\Users\bagus\OneDrive\Bagus\OneDrive\Dokumen\Magang\01_DATA_ASLI\leopard_cat\Rerta 1-leopard cat_baseline_BC\A-East-350m-BC-Round 4\IMG_0073.JPG,kanan,kanan,CONFIRMED,train
EVT_0022,foto_2,C:\Users\bagus\OneDrive\Bagus\OneDrive\Dokumen\Magang\01_DATA_ASLI\leopard_cat\Rerta 1-leopard cat_baseline_BC\A-East-350m-BC-Round 4\IMG_0074.JPG,kanan,kanan,CONFIRMED,train
EVT_0022,foto_3,C:\Users\bagus\OneDrive\Bagus\OneDrive\Dokumen\Magang\01_DATA_ASLI\leopard_cat\Rerta 1-leopard cat_baseline_BC\A-East-350m-BC-Round 4\IMG_0075.JPG,kanan,kanan,CONFIRMED,train
EVT_0023,foto_1,C:\Users\bagus\OneDrive\Bagus\OneDrive\Dokumen\Magang\01_DATA_ASLI\leopard_cat\Rerta 1-leopard cat_baseline_BC\A-East-350m-BC-Round 4\IMG_0076.JPG,belakang,belakang,CONFIRMED,train
EVT_0023,foto_2,C:\Users\bagus\OneDrive\Bagus\OneDrive\Dokumen\Magang\01_DATA_ASLI\leopard_cat\Rerta 1-leopard cat_baseline_BC\A-East-350m-BC-Round 4\IMG_0077.JPG,belakang,belakang,CONFIRMED,train
EVT_0023,foto_3,C:\Users\bagus\OneDrive\Bagus\OneDrive\Dokumen\Magang\01_DATA_ASLI\leopard_cat\Rerta 1-leopard cat_baseline_BC\A-East-350m-BC-Round 4\IMG_0078.JPG,belakang,belakang,CONFIRMED,train
EVT_0024,foto_1,C:\Users\bagus\OneDrive\Bagus\OneDrive\Dokumen\Magang\01_DATA_ASLI\leopard_cat\Rerta 1-leopard cat_baseline_BC\A-West-250m-BC-Round 6\IMG_0079.JPG,kiri,kiri,CONFIRMED,train
EVT_0024,foto_2,C:\Users\bagus\OneDrive\Bagus\OneDrive\Dokumen\Magang\01_DATA_ASLI\leopard_cat\Rerta 1-leopard cat_baseline_BC\A-West-250m-BC-Round 6\IMG_0080.JPG,kiri,kiri,CONFIRMED,train
EVT_0024,foto_3,C:\Users\bagus\OneDrive\Bagus\OneDrive\Dokumen\Magang\01_DATA_ASLI\leopard_cat\Rerta 1-leopard cat_baseline_BC\A-West-250m-BC-Round 6\IMG_0081.JPG,kiri,kiri,CONFIRMED,train
EVT_0025,foto_1,C:\Users\bagus\OneDrive\Bagus\OneDrive\Dokumen\Magang\01_DATA_ASLI\leopard_cat\Rerta 1-leopard cat_baseline_BC\A-West-250m-BC-Round 6\IMG_0082.JPG,kanan,kanan,CONFIRMED,train
EVT_0025,foto_2,C:\Users\bagus\OneDrive\Bagus\OneDrive\Dokumen\Magang\01_DATA_ASLI\leopard_cat\Rerta 1-leopard cat_baseline_BC\A-West-250m-BC-Round 6\IMG_0083.JPG,kanan,kanan,CONFIRMED,train
EVT_0025,foto_3,C:\Users\bagus\OneDrive\Bagus\OneDrive\Dokumen\Magang\01_DATA_ASLI\leopard_cat\Rerta 1-leopard cat_baseline_BC\A-West-250m-BC-Round 6\IMG_0084.JPG,kanan,kanan,CONFIRMED,train
EVT_0027,foto_1,C:\Users\bagus\OneDrive\Bagus\OneDrive\Dokumen\Magang\01_DATA_ASLI\leopard_cat\Rerta 1-leopard cat_baseline_BC\A-West-250m-BC-Round 6\IMG_0088.JPG,kanan,kanan,CONFIRMED,train
EVT_0027,foto_2,C:\Users\bagus\OneDrive\Bagus\OneDrive\Dokumen\Magang\01_DATA_ASLI\leopard_cat\Rerta 1-leopard cat_baseline_BC\A-West-250m-BC-Round 6\IMG_0089.JPG,kanan,kanan,CONFIRMED,train
EVT_0027,foto_3,C:\Users\bagus\OneDrive\Bagus\OneDrive\Dokumen\Magang\01_DATA_ASLI\leopard_cat\Rerta 1-leopard cat_baseline_BC\A-West-250m-BC-Round 6\IMG_0090.JPG,kanan,kanan,CONFIRMED,train
EVT_0028,foto_1,C:\Users\bagus\OneDrive\Bagus\OneDrive\Dokumen\Magang\01_DATA_ASLI\leopard_cat\Rerta 1-leopard cat_baseline_BC\A-West-250m-BC-Round 6\IMG_0094.JPG,kiri,kiri,CONFIRMED,train
EVT_0028,foto_2,C:\Users\bagus\OneDrive\Bagus\OneDrive\Dokumen\Magang\01_DATA_ASLI\leopard_cat\Rerta 1-leopard cat_baseline_BC\A-West-250m-BC-Round 6\IMG_0095.JPG,kanan,kanan,CONFIRMED,train
EVT_0028,foto_3,C:\Users\bagus\OneDrive\Bagus\OneDrive\Dokumen\Magang\01_DATA_ASLI\leopard_cat\Rerta 1-leopard cat_baseline_BC\A-West-250m-BC-Round 6\IMG_0096.JPG,tidak_yakin,tidak_yakin,CONFIRMED,train
EVT_0029,foto_1,C:\Users\bagus\OneDrive\Bagus\OneDrive\Dokumen\Magang\01_DATA_ASLI\leopard_cat\Rerta 1-leopard cat_baseline_BC\A-East-350m-BC-Round 6\IMG_0007.JPG,kiri,kiri,CONFIRMED,train
EVT_0029,foto_2,C:\Users\bagus\OneDrive\Bagus\OneDrive\Dokumen\Magang\01_DATA_ASLI\leopard_cat\Rerta 1-leopard cat_baseline_BC\A-East-350m-BC-Round 6\IMG_0008.JPG,kiri,kiri,CONFIRMED,train
EVT_0029,foto_3,C:\Users\bagus\OneDrive\Bagus\OneDrive\Dokumen\Magang\01_DATA_ASLI\leopard_cat\Rerta 1-leopard cat_baseline_BC\A-East-350m-BC-Round 6\IMG_0009.JPG,kiri,kiri,CONFIRMED,train
EVT_0030,foto_1,C:\Users\bagus\OneDrive\Bagus\OneDrive\Dokumen\Magang\01_DATA_ASLI\leopard_cat\Rerta 1-leopard cat_baseline_BC\B-East-350m-BC-Round 6\IMG_0241.JPG,kanan,kanan,CONFIRMED,train
EVT_0030,foto_2,C:\Users\bagus\OneDrive\Bagus\OneDrive\Dokumen\Magang\01_DATA_ASLI\leopard_cat\Rerta 1-leopard cat_baseline_BC\B-East-350m-BC-Round 6\IMG_0242.JPG,kanan,kanan,CONFIRMED,train
EVT_0030,foto_3,C:\Users\bagus\OneDrive\Bagus\OneDrive\Dokumen\Magang\01_DATA_ASLI\leopard_cat\Rerta 1-leopard cat_baseline_BC\B-East-350m-BC-Round 6\IMG_0243.JPG,kanan,kanan,CONFIRMED,train
EVT_0031,foto_1,C:\Users\bagus\OneDrive\Bagus\OneDrive\Dokumen\Magang\01_DATA_ASLI\leopard_cat\Rerta 1-leopard cat_baseline_BC\B-East-350m-BC-Round 6\IMG_0244.JPG,kanan,kanan,CONFIRMED,train
EVT_0031,foto_2,C:\Users\bagus\OneDrive\Bagus\OneDrive\Dokumen\Magang\01_DATA_ASLI\leopard_cat\Rerta 1-leopard cat_baseline_BC\B-East-350m-BC-Round 6\IMG_0245.JPG,kanan,kanan,CONFIRMED,train
EVT_0031,foto_3,C:\Users\bagus\OneDrive\Bagus\OneDrive\Dokumen\Magang\01_DATA_ASLI\leopard_cat\Rerta 1-leopard cat_baseline_BC\B-East-350m-BC-Round 6\IMG_0246.JPG,kanan,kanan,CONFIRMED,train
EVT_0032,foto_1,C:\Users\bagus\OneDrive\Bagus\OneDrive\Dokumen\Magang\01_DATA_ASLI\leopard_cat\Rerta 1-leopard cat_baseline_BC\B-East-350m-BC-Round 6\IMG_0247.JPG,kanan,kanan,CONFIRMED,train
EVT_0032,foto_2,C:\Users\bagus\OneDrive\Bagus\OneDrive\Dokumen\Magang\01_DATA_ASLI\leopard_cat\Rerta 1-leopard cat_baseline_BC\B-East-350m-BC-Round 6\IMG_0248.JPG,kanan,kanan,CONFIRMED,train
EVT_0032,foto_3,C:\Users\bagus\OneDrive\Bagus\OneDrive\Dokumen\Magang\01_DATA_ASLI\leopard_cat\Rerta 1-leopard cat_baseline_BC\B-East-350m-BC-Round 6\IMG_0249.JPG,kanan,kanan,CONFIRMED,train
EVT_0033,foto_1,C:\Users\bagus\OneDrive\Bagus\OneDrive\Dokumen\Magang\01_DATA_ASLI\leopard_cat\Rerta 1-leopard cat_baseline_BC\B-East-350m-BC-Round 6\IMG_0250.JPG,kanan,kanan,CONFIRMED,train
EVT_0033,foto_2,C:\Users\bagus\OneDrive\Bagus\OneDrive\Dokumen\Magang\01_DATA_ASLI\leopard_cat\Rerta 1-leopard cat_baseline_BC\B-East-350m-BC-Round 6\IMG_0251.JPG,kanan,kanan,CONFIRMED,train
EVT_0033,foto_3,C:\Users\bagus\OneDrive\Bagus\OneDrive\Dokumen\Magang\01_DATA_ASLI\leopard_cat\Rerta 1-leopard cat_baseline_BC\B-East-350m-BC-Round 6\IMG_0252.JPG,kanan,kanan,CONFIRMED,train
EVT_0034,foto_1,C:\Users\bagus\OneDrive\Bagus\OneDrive\Dokumen\Magang\01_DATA_ASLI\leopard_cat\Rerta 1-leopard cat_baseline_BC\A-West-250m-BC-Round 6\IMG_0142.JPG,kanan,kanan,CONFIRMED,train
EVT_0034,foto_2,C:\Users\bagus\OneDrive\Bagus\OneDrive\Dokumen\Magang\01_DATA_ASLI\leopard_cat\Rerta 1-leopard cat_baseline_BC\A-West-250m-BC-Round 6\IMG_0143.JPG,kanan,kanan,CONFIRMED,train
EVT_0034,foto_3,C:\Users\bagus\OneDrive\Bagus\OneDrive\Dokumen\Magang\01_DATA_ASLI\leopard_cat\Rerta 1-leopard cat_baseline_BC\A-West-250m-BC-Round 6\IMG_0144.JPG,kanan,kanan,CONFIRMED,train
EVT_0036,foto_1,C:\Users\bagus\OneDrive\Bagus\OneDrive\Dokumen\Magang\01_DATA_ASLI\leopard_cat\Rerta 1-leopard cat_baseline_BC\A-East-350m-BC-Round 7\IMG 2 (3).JPG,tidak_yakin,tidak_yakin,CONFIRMED,train
EVT_0036,foto_2,C:\Users\bagus\OneDrive\Bagus\OneDrive\Dokumen\Magang\01_DATA_ASLI\leopard_cat\Rerta 1-leopard cat_baseline_BC\A-East-350m-BC-Round 7\IMG 2 (4).JPG,belakang,belakang,CONFIRMED,train
EVT_0036,foto_3,C:\Users\bagus\OneDrive\Bagus\OneDrive\Dokumen\Magang\01_DATA_ASLI\leopard_cat\Rerta 1-leopard cat_baseline_BC\A-East-350m-BC-Round 7\IMG 2 (5).JPG,belakang,belakang,CONFIRMED,train
EVT_0038,foto_1,C:\Users\bagus\OneDrive\Bagus\OneDrive\Dokumen\Magang\01_DATA_ASLI\leopard_cat\Rerta 1-leopard cat_baseline_BC\A-West-250m-BC-Round 7\IMG_0028.JPG,kiri,kiri,CONFIRMED,train
EVT_0038,foto_2,C:\Users\bagus\OneDrive\Bagus\OneDrive\Dokumen\Magang\01_DATA_ASLI\leopard_cat\Rerta 1-leopard cat_baseline_BC\A-West-250m-BC-Round 7\IMG_0029.JPG,kiri,kiri,CONFIRMED,train
EVT_0038,foto_3,C:\Users\bagus\OneDrive\Bagus\OneDrive\Dokumen\Magang\01_DATA_ASLI\leopard_cat\Rerta 1-leopard cat_baseline_BC\A-West-250m-BC-Round 7\IMG_0030.JPG,kiri,kiri,CONFIRMED,train
EVT_0039,foto_1,C:\Users\bagus\OneDrive\Bagus\OneDrive\Dokumen\Magang\01_DATA_ASLI\leopard_cat\Rerta 1-leopard cat_baseline_BC\A-West-250m-BC-Round 7\IMG_0031.JPG,kiri,kiri,CONFIRMED,train
EVT_0039,foto_2,C:\Users\bagus\OneDrive\Bagus\OneDrive\Dokumen\Magang\01_DATA_ASLI\leopard_cat\Rerta 1-leopard cat_baseline_BC\A-West-250m-BC-Round 7\IMG_0032.JPG,depan,depan,CONFIRMED,train
EVT_0039,foto_3,C:\Users\bagus\OneDrive\Bagus\OneDrive\Dokumen\Magang\01_DATA_ASLI\leopard_cat\Rerta 1-leopard cat_baseline_BC\A-West-250m-BC-Round 7\IMG_0033.JPG,depan,depan,CONFIRMED,train
EVT_0040,foto_1,C:\Users\bagus\OneDrive\Bagus\OneDrive\Dokumen\Magang\01_DATA_ASLI\leopard_cat\Rerta 1-leopard cat_baseline_BC\A-West-250m-BC-Round 7\IMG_0034.JPG,depan,depan,CONFIRMED,train
EVT_0040,foto_2,C:\Users\bagus\OneDrive\Bagus\OneDrive\Dokumen\Magang\01_DATA_ASLI\leopard_cat\Rerta 1-leopard cat_baseline_BC\A-West-250m-BC-Round 7\IMG_0035.JPG,depan,depan,CONFIRMED,train
EVT_0040,foto_3,C:\Users\bagus\OneDrive\Bagus\OneDrive\Dokumen\Magang\01_DATA_ASLI\leopard_cat\Rerta 1-leopard cat_baseline_BC\A-West-250m-BC-Round 7\IMG_0036.JPG,depan,depan,CONFIRMED,train
EVT_0042,foto_1,C:\Users\bagus\OneDrive\Bagus\OneDrive\Dokumen\Magang\01_DATA_ASLI\leopard_cat\Rerta 1-leopard cat_baseline_BC\A-West-250m-BC-Round 7\IMG_0064.JPG,kanan,kanan,CONFIRMED,train
EVT_0042,foto_2,C:\Users\bagus\OneDrive\Bagus\OneDrive\Dokumen\Magang\01_DATA_ASLI\leopard_cat\Rerta 1-leopard cat_baseline_BC\A-West-250m-BC-Round 7\IMG_0065.JPG,kanan,kanan,CONFIRMED,train
EVT_0042,foto_3,C:\Users\bagus\OneDrive\Bagus\OneDrive\Dokumen\Magang\01_DATA_ASLI\leopard_cat\Rerta 1-leopard cat_baseline_BC\A-West-250m-BC-Round 7\IMG_0066.JPG,kanan,kanan,CONFIRMED,train
EVT_0043,foto_1,C:\Users\bagus\OneDrive\Bagus\OneDrive\Dokumen\Magang\01_DATA_ASLI\leopard_cat\Rerta 1-leopard cat_baseline_BC\A-East-350m-BC-Round 7\IMG 3 (1).JPG,depan,tidak_yakin,CONFIRMED,train
EVT_0043,foto_2,C:\Users\bagus\OneDrive\Bagus\OneDrive\Dokumen\Magang\01_DATA_ASLI\leopard_cat\Rerta 1-leopard cat_baseline_BC\A-East-350m-BC-Round 7\IMG 3 (2).JPG,belakang,belakang,CONFIRMED,train
EVT_0043,foto_3,C:\Users\bagus\OneDrive\Bagus\OneDrive\Dokumen\Magang\01_DATA_ASLI\leopard_cat\Rerta 1-leopard cat_baseline_BC\A-East-350m-BC-Round 7\IMG 3 (3).JPG,belakang,belakang,CONFIRMED,train
EVT_0045,foto_1,C:\Users\bagus\OneDrive\Bagus\OneDrive\Dokumen\Magang\01_DATA_ASLI\leopard_cat\Rerta 1-leopard cat_baseline_BC\A-West-250m-BC-Round 7\IMG_0127.JPG,kiri,kiri,CONFIRMED,train
EVT_0045,foto_2,C:\Users\bagus\OneDrive\Bagus\OneDrive\Dokumen\Magang\01_DATA_ASLI\leopard_cat\Rerta 1-leopard cat_baseline_BC\A-West-250m-BC-Round 7\IMG_0128.JPG,kiri,kiri,CONFIRMED,train
EVT_0045,foto_3,C:\Users\bagus\OneDrive\Bagus\OneDrive\Dokumen\Magang\01_DATA_ASLI\leopard_cat\Rerta 1-leopard cat_baseline_BC\A-West-250m-BC-Round 7\IMG_0129.JPG,kiri,kiri,CONFIRMED,train
EVT_0046,foto_1,C:\Users\bagus\OneDrive\Bagus\OneDrive\Dokumen\Magang\01_DATA_ASLI\leopard_cat\Rerta 1-leopard cat_baseline_BC\A-West-250m-BC-Round 7\IMG_0130.JPG,kiri,kiri,CONFIRMED,train
EVT_0046,foto_2,C:\Users\bagus\OneDrive\Bagus\OneDrive\Dokumen\Magang\01_DATA_ASLI\leopard_cat\Rerta 1-leopard cat_baseline_BC\A-West-250m-BC-Round 7\IMG_0131.JPG,kiri,kiri,CONFIRMED,train
EVT_0046,foto_3,C:\Users\bagus\OneDrive\Bagus\OneDrive\Dokumen\Magang\01_DATA_ASLI\leopard_cat\Rerta 1-leopard cat_baseline_BC\A-West-250m-BC-Round 7\IMG_0132.JPG,kiri,kiri,CONFIRMED,train
EVT_0047,foto_1,C:\Users\bagus\OneDrive\Bagus\OneDrive\Dokumen\Magang\01_DATA_ASLI\leopard_cat\Rerta 1-leopard cat_baseline_BC\A-West-250m-BC-Round 7\IMG_0136.JPG,kiri,kiri,CONFIRMED,train
EVT_0047,foto_2,C:\Users\bagus\OneDrive\Bagus\OneDrive\Dokumen\Magang\01_DATA_ASLI\leopard_cat\Rerta 1-leopard cat_baseline_BC\A-West-250m-BC-Round 7\IMG_0137.JPG,kiri,kiri,CONFIRMED,train
EVT_0047,foto_3,C:\Users\bagus\OneDrive\Bagus\OneDrive\Dokumen\Magang\01_DATA_ASLI\leopard_cat\Rerta 1-leopard cat_baseline_BC\A-West-250m-BC-Round 7\IMG_0138.JPG,kiri,kiri,CONFIRMED,train
EVT_0048,foto_1,C:\Users\bagus\OneDrive\Bagus\OneDrive\Dokumen\Magang\01_DATA_ASLI\leopard_cat\Rerta 1-leopard cat_baseline_BC\A-West-250m-BC-Round 8\IMG_0208.JPG,kanan,kanan,CONFIRMED,train
EVT_0048,foto_2,C:\Users\bagus\OneDrive\Bagus\OneDrive\Dokumen\Magang\01_DATA_ASLI\leopard_cat\Rerta 1-leopard cat_baseline_BC\A-West-250m-BC-Round 8\IMG_0209.JPG,kanan,kanan,CONFIRMED,train
EVT_0048,foto_3,C:\Users\bagus\OneDrive\Bagus\OneDrive\Dokumen\Magang\01_DATA_ASLI\leopard_cat\Rerta 1-leopard cat_baseline_BC\A-West-250m-BC-Round 8\IMG_0210.JPG,kanan,kanan,CONFIRMED,train
EVT_0051,foto_1,C:\Users\bagus\OneDrive\Bagus\OneDrive\Dokumen\Magang\01_DATA_ASLI\leopard_cat\Rerta 1-leopard cat_baseline_BC\A-West-250m-BC-Round 8\IMG_0220.JPG,belakang,belakang,CONFIRMED,train
EVT_0051,foto_2,C:\Users\bagus\OneDrive\Bagus\OneDrive\Dokumen\Magang\01_DATA_ASLI\leopard_cat\Rerta 1-leopard cat_baseline_BC\A-West-250m-BC-Round 8\IMG_0221.JPG,depan,depan,CONFIRMED,train
EVT_0051,foto_3,C:\Users\bagus\OneDrive\Bagus\OneDrive\Dokumen\Magang\01_DATA_ASLI\leopard_cat\Rerta 1-leopard cat_baseline_BC\A-West-250m-BC-Round 8\IMG_0222.JPG,depan,depan,CONFIRMED,train
EVT_0052,foto_1,C:\Users\bagus\OneDrive\Bagus\OneDrive\Dokumen\Magang\01_DATA_ASLI\leopard_cat\Rerta 1-leopard cat_baseline_BC\A-West-250m-BC-Round 8\IMG_0223.JPG,depan,depan,CONFIRMED,train
EVT_0052,foto_2,C:\Users\bagus\OneDrive\Bagus\OneDrive\Dokumen\Magang\01_DATA_ASLI\leopard_cat\Rerta 1-leopard cat_baseline_BC\A-West-250m-BC-Round 8\IMG_0224.JPG,depan,depan,CONFIRMED,train
EVT_0052,foto_3,C:\Users\bagus\OneDrive\Bagus\OneDrive\Dokumen\Magang\01_DATA_ASLI\leopard_cat\Rerta 1-leopard cat_baseline_BC\A-West-250m-BC-Round 8\IMG_0225.JPG,depan,depan,CONFIRMED,train
EVT_0053,foto_1,C:\Users\bagus\OneDrive\Bagus\OneDrive\Dokumen\Magang\01_DATA_ASLI\leopard_cat\Rerta 1-leopard cat_baseline_BC\A-West-250m-BC-Round 8\IMG_0226.JPG,tidak_yakin,null,CONFIRMED,train
EVT_0053,foto_2,C:\Users\bagus\OneDrive\Bagus\OneDrive\Dokumen\Magang\01_DATA_ASLI\leopard_cat\Rerta 1-leopard cat_baseline_BC\A-West-250m-BC-Round 8\IMG_0227.JPG,tidak_yakin,null,CONFIRMED,train
EVT_0053,foto_3,C:\Users\bagus\OneDrive\Bagus\OneDrive\Dokumen\Magang\01_DATA_ASLI\leopard_cat\Rerta 1-leopard cat_baseline_BC\A-West-250m-BC-Round 8\IMG_0228.JPG,tidak_yakin,null,CONFIRMED,train
EVT_0054,foto_1,C:\Users\bagus\OneDrive\Bagus\OneDrive\Dokumen\Magang\01_DATA_ASLI\leopard_cat\Rerta 1-leopard cat_baseline_BC\A-West-250m-BC-Round 8\IMG_0229.JPG,tidak_yakin,null,CONFIRMED,train
EVT_0054,foto_2,C:\Users\bagus\OneDrive\Bagus\OneDrive\Dokumen\Magang\01_DATA_ASLI\leopard_cat\Rerta 1-leopard cat_baseline_BC\A-West-250m-BC-Round 8\IMG_0230.JPG,tidak_yakin,null,CONFIRMED,train
EVT_0054,foto_3,C:\Users\bagus\OneDrive\Bagus\OneDrive\Dokumen\Magang\01_DATA_ASLI\leopard_cat\Rerta 1-leopard cat_baseline_BC\A-West-250m-BC-Round 8\IMG_0231.JPG,tidak_yakin,null,CONFIRMED,train
EVT_0055,foto_1,C:\Users\bagus\OneDrive\Bagus\OneDrive\Dokumen\Magang\01_DATA_ASLI\leopard_cat\Rerta 1-leopard cat_baseline_BC\A-West-250m-BC-Round 8\IMG_0232.JPG,kiri,kiri,CONFIRMED,train
EVT_0055,foto_2,C:\Users\bagus\OneDrive\Bagus\OneDrive\Dokumen\Magang\01_DATA_ASLI\leopard_cat\Rerta 1-leopard cat_baseline_BC\A-West-250m-BC-Round 8\IMG_0233.JPG,kiri,kiri,CONFIRMED,train
EVT_0055,foto_3,C:\Users\bagus\OneDrive\Bagus\OneDrive\Dokumen\Magang\01_DATA_ASLI\leopard_cat\Rerta 1-leopard cat_baseline_BC\A-West-250m-BC-Round 8\IMG_0234.JPG,kiri,kiri,CONFIRMED,train
EVT_0057,foto_1,C:\Users\bagus\OneDrive\Bagus\OneDrive\Dokumen\Magang\01_DATA_ASLI\leopard_cat\Rerta 1-leopard cat_baseline_BC\A-West-250m-BC-Round 8\IMG_0238.JPG,kanan,kanan,CONFIRMED,train
EVT_0057,foto_2,C:\Users\bagus\OneDrive\Bagus\OneDrive\Dokumen\Magang\01_DATA_ASLI\leopard_cat\Rerta 1-leopard cat_baseline_BC\A-West-250m-BC-Round 8\IMG_0239.JPG,kanan,kanan,CONFIRMED,train
EVT_0057,foto_3,C:\Users\bagus\OneDrive\Bagus\OneDrive\Dokumen\Magang\01_DATA_ASLI\leopard_cat\Rerta 1-leopard cat_baseline_BC\A-West-250m-BC-Round 8\IMG_0240.JPG,kanan,kanan,CONFIRMED,train
EVT_0059,foto_1,C:\Users\bagus\OneDrive\Bagus\OneDrive\Dokumen\Magang\01_DATA_ASLI\leopard_cat\Rerta 1-leopard cat_baseline_BC\A-West-250m-BC-Round 8\IMG_0244.JPG,kanan,kanan,CONFIRMED,train
EVT_0059,foto_2,C:\Users\bagus\OneDrive\Bagus\OneDrive\Dokumen\Magang\01_DATA_ASLI\leopard_cat\Rerta 1-leopard cat_baseline_BC\A-West-250m-BC-Round 8\IMG_0245.JPG,tidak_yakin,null,CONFIRMED,train
EVT_0059,foto_3,C:\Users\bagus\OneDrive\Bagus\OneDrive\Dokumen\Magang\01_DATA_ASLI\leopard_cat\Rerta 1-leopard cat_baseline_BC\A-West-250m-BC-Round 8\IMG_0246.JPG,tidak_yakin,null,CONFIRMED,train
EVT_0060,foto_1,C:\Users\bagus\OneDrive\Bagus\OneDrive\Dokumen\Magang\01_DATA_ASLI\leopard_cat\Rerta 1-leopard cat_baseline_BC\A-West-250m-BC-Round 8\IMG_0247.JPG,kiri,kiri,CONFIRMED,train
EVT_0060,foto_2,C:\Users\bagus\OneDrive\Bagus\OneDrive\Dokumen\Magang\01_DATA_ASLI\leopard_cat\Rerta 1-leopard cat_baseline_BC\A-West-250m-BC-Round 8\IMG_0248.JPG,kiri,kiri,CONFIRMED,train
EVT_0060,foto_3,C:\Users\bagus\OneDrive\Bagus\OneDrive\Dokumen\Magang\01_DATA_ASLI\leopard_cat\Rerta 1-leopard cat_baseline_BC\A-West-250m-BC-Round 8\IMG_0249.JPG,kiri,kiri,CONFIRMED,train
EVT_0063,foto_1,C:\Users\bagus\OneDrive\Bagus\OneDrive\Dokumen\Magang\01_DATA_ASLI\leopard_cat\Rerta 1-leopard cat_baseline_BC\A-West-250m-BC-Round 8\IMG_0310.JPG,belakang,belakang,CONFIRMED,train
EVT_0063,foto_2,C:\Users\bagus\OneDrive\Bagus\OneDrive\Dokumen\Magang\01_DATA_ASLI\leopard_cat\Rerta 1-leopard cat_baseline_BC\A-West-250m-BC-Round 8\IMG_0311.JPG,belakang,belakang,CONFIRMED,train
EVT_0063,foto_3,C:\Users\bagus\OneDrive\Bagus\OneDrive\Dokumen\Magang\01_DATA_ASLI\leopard_cat\Rerta 1-leopard cat_baseline_BC\A-West-250m-BC-Round 8\IMG_0312.JPG,depan,depan,CONFIRMED,train
