,EVT_0002,EVT_0005,EVT_0012,EVT_0013,EVT_0014,EVT_0015,EVT_0024,EVT_0025,EVT_0026,EVT_0035,EVT_0037,EVT_0055,EVT_0057,EVT_0058,EVT_0060,EVT_0061
EVT_0002,1.0000002,0.7139911,0.7537018,0.8614718,0.8076578,0.8493266,0.84750557,0.85541284,0.83755314,0.82088315,0.7741835,0.65687335,0.83096516,0.87211215,0.8648125,0.62242454
EVT_0005,0.7139911,1.0000001,0.6806541,0.7928773,0.7939488,0.7864065,0.776948,0.75356364,0.7006973,0.77136743,0.69486713,0.5827725,0.7874643,0.7904279,0.79331225,0.56606406
EVT_0012,0.7537018,0.6806541,0.99999994,0.84416145,0.8192977,0.80782354,0.8208153,0.74793535,0.7578343,0.7759341,0.70267147,0.69295347,0.819897,0.80364835,0.7694516,0.66122466
EVT_0013,0.8614718,0.7928773,0.84416145,1.0,0.944199,0.95204556,0.8895898,0.8903272,0.8361832,0.89354324,0.8148721,0.6522143,0.91621935,0.9169764,0.9104639,0.62494206
EVT_0014,0.8076578,0.7939488,0.8192977,0.944199,0.9999999,0.9650507,0.84122276,0.84436333,0.79570776,0.8968661,0.7635348,0.5988139,0.9007505,0.8761332,0.8576381,0.57123715
EVT_0015,0.8493266,0.7864065,0.80782354,0.95204556,0.9650507,0.99999964,0.85158825,0.869045,0.8171809,0.90943694,0.7968334,0.62343276,0.90763664,0.8954039,0.88473284,0.57332325
EVT_0024,0.84750557,0.776948,0.8208153,0.8895898,0.84122276,0.85158825,0.99999976,0.87493384,0.85103774,0.8558566,0.85664177,0.7324755,0.8579258,0.91688603,0.8839773,0.7525619
EVT_0025,0.85541284,0.75356364,0.74793535,0.8903272,0.84436333,0.869045,0.87493384,1.0,0.8733631,0.83847713,0.8022852,0.6469063,0.85915685,0.89879423,0.87544715,0.60631
EVT_0026,0.83755314,0.7006973,0.7578343,0.8361832,0.79570776,0.8171809,0.85103774,0.8733631,1.0000001,0.8099054,0.80489993,0.68382984,0.78002876,0.8583411,0.8089076,0.6042173
EVT_0035,0.82088315,0.77136743,0.7759341,0.89354324,0.8968661,0.90943694,0.8558566,0.83847713,0.8099054,0.9999999,0.852533,0.65793824,0.8364168,0.8551395,0.83629256,0.59976804
EVT_0037,0.7741835,0.69486713,0.70267147,0.8148721,0.7635348,0.7968334,0.85664177,0.8022852,0.80489993,0.852533,1.0000002,0.6904329,0.75330675,0.8244277,0.7769027,0.6137582
EVT_0055,0.65687335,0.5827725,0.69295347,0.6522143,0.5988139,0.62343276,0.7324755,0.6469063,0.68382984,0.65793824,0.6904329,0.99999964,0.6616726,0.7226925,0.62715316,0.6442661
EVT_0057,0.83096516,0.7874643,0.819897,0.91621935,0.9007505,0.90763664,0.8579258,0.85915685,0.78002876,0.8364168,0.75330675,0.6616726,0.9999998,0.9228195,0.89690423,0.6481092
EVT_0058,0.87211215,0.7904279,0.80364835,0.9169764,0.8761332,0.8954039,0.91688603,0.89879423,0.8583411,0.8551395,0.8244277,0.7226925,0.9228195,1.0000005,0.9187383,0.67563915
EVT_0060,0.8648125,0.79331225,0.7694516,0.9104639,0.8576381,0.88473284,0.8839773,0.87544715,0.8089076,0.83629256,0.7769027,0.62715316,0.89690423,0.9187383,1.0000002,0.6388161
EVT_0061,0.62242454,0.56606406,0.66122466,0.62494206,0.57123715,0.57332325,0.7525619,0.60631,0.6042173,0.59976804,0.6137582,0.6442661,0.6481092,0.67563915,0.6388161,1.0
