event_id,cluster
EVT_0001,0
EVT_0006,0
EVT_0011,0
EVT_0009,0
EVT_0028,1
EVT_0023,1
EVT_0010,2
EVT_0036,2
EVT_0037,2
EVT_0043,2
EVT_0024,3
EVT_0060,3
EVT_0058,3
EVT_0025,3
EVT_0026,3
EVT_0013,3
EVT_0057,3
EVT_0041,4
EVT_0039,4
EVT_0049,4
EVT_0053,4
EVT_0050,4
EVT_0051,4
EVT_0048,4
EVT_0038,4
EVT_0040,4
EVT_0042,4
EVT_0061,4
EVT_0059,4
EVT_0054,4
EVT_0055,4
EVT_0056,4
EVT_0063,4
EVT_0062,4
EVT_0052,4
EVT_0003,5
EVT_0002,5
EVT_0004,5
EVT_0045,6
EVT_0046,6
EVT_0044,6
EVT_0047,6
EVT_0012,7
EVT_0016,7
EVT_0018,7
EVT_0017,7
EVT_0021,7
EVT_0019,7
EVT_0020,7
EVT_0029,8
EVT_0034,9
EVT_0027,9
EVT_0007,10
EVT_0008,10
EVT_0035,11
EVT_0031,12
EVT_0030,12
EVT_0032,12
EVT_0033,12
EVT_0005,13
EVT_0014,14
EVT_0015,14
EVT_0022,15
