event_id,foto,file_prediction,path_foto_asli,actual,predicted,confidence,correct,brightness,sharpness,brightness_category,sharpness_category
EVT_0002,1,C:\Users\bagus\OneDrive\Bagus\OneDrive\Dokumen\Magang\dataset\test\leopard_cat\EVT_0002_foto_1.jpg,C:\Users\bagus\OneDrive\Bagus\OneDrive\Dokumen\Magang\01_DATA_ASLI\leopard_cat\Rerta 1-leopard cat_baseline_BC\B-East-150m-BC-Round 2\IMG_0055.JPG,leopard_cat,leopard_cat,0.998784,True,79.84632110595703,472.0304260253906,SEDANG,INDIKASI_BLUR_TINGGI
EVT_0002,2,C:\Users\bagus\OneDrive\Bagus\OneDrive\Dokumen\Magang\dataset\test\leopard_cat\EVT_0002_foto_2.jpg,C:\Users\bagus\OneDrive\Bagus\OneDrive\Dokumen\Magang\01_DATA_ASLI\leopard_cat\Rerta 1-leopard cat_baseline_BC\B-East-150m-BC-Round 2\IMG_0056.JPG,leopard_cat,leopard_cat,0.998621,True,79.51830291748047,470.9852600097656,RELATIF_GELAP,INDIKASI_BLUR_TINGGI
EVT_0002,3,C:\Users\bagus\OneDrive\Bagus\OneDrive\Dokumen\Magang\dataset\test\leopard_cat\EVT_0002_foto_3.jpg,C:\Users\bagus\OneDrive\Bagus\OneDrive\Dokumen\Magang\01_DATA_ASLI\leopard_cat\Rerta 1-leopard cat_baseline_BC\B-East-150m-BC-Round 2\IMG_0057.JPG,leopard_cat,leopard_cat,0.999402,True,78.0892105102539,481.4478454589844,RELATIF_GELAP,INDIKASI_BLUR_TINGGI
EVT_0007,1,C:\Users\bagus\OneDrive\Bagus\OneDrive\Dokumen\Magang\dataset\test\leopard_cat\EVT_0007_foto_1.jpg,C:\Users\bagus\OneDrive\Bagus\OneDrive\Dokumen\Magang\01_DATA_ASLI\leopard_cat\Rerta 1-leopard cat_baseline_BC\A-West-50m-BC-Round 2\IMG_0268.JPG,leopard_cat,leopard_cat,0.999354,True,67.75506591796875,572.0358276367188,RELATIF_GELAP,INDIKASI_BLUR_TINGGI
EVT_0007,2,C:\Users\bagus\OneDrive\Bagus\OneDrive\Dokumen\Magang\dataset\test\leopard_cat\EVT_0007_foto_2.jpg,C:\Users\bagus\OneDrive\Bagus\OneDrive\Dokumen\Magang\01_DATA_ASLI\leopard_cat\Rerta 1-leopard cat_baseline_BC\A-West-50m-BC-Round 2\IMG_0269.JPG,leopard_cat,leopard_cat,0.997694,True,68.44417572021484,579.61474609375,RELATIF_GELAP,INDIKASI_BLUR_TINGGI
EVT_0007,3,C:\Users\bagus\OneDrive\Bagus\OneDrive\Dokumen\Magang\dataset\test\leopard_cat\EVT_0007_foto_3.jpg,C:\Users\bagus\OneDrive\Bagus\OneDrive\Dokumen\Magang\01_DATA_ASLI\leopard_cat\Rerta 1-leopard cat_baseline_BC\A-West-50m-BC-Round 2\IMG_0270.JPG,leopard_cat,leopard_cat,0.998018,True,68.25965118408203,572.867431640625,RELATIF_GELAP,INDIKASI_BLUR_TINGGI
EVT_0008,1,C:\Users\bagus\OneDrive\Bagus\OneDrive\Dokumen\Magang\dataset\test\leopard_cat\EVT_0008_foto_1.jpg,C:\Users\bagus\OneDrive\Bagus\OneDrive\Dokumen\Magang\01_DATA_ASLI\leopard_cat\Rerta 1-leopard cat_baseline_BC\A-West-50m-BC-Round 2\IMG_0271.JPG,leopard_cat,leopard_cat,0.999085,True,79.43407440185547,589.7891235351562,RELATIF_GELAP,INDIKASI_BLUR_TINGGI
EVT_0008,2,C:\Users\bagus\OneDrive\Bagus\OneDrive\Dokumen\Magang\dataset\test\leopard_cat\EVT_0008_foto_2.jpg,C:\Users\bagus\OneDrive\Bagus\OneDrive\Dokumen\Magang\01_DATA_ASLI\leopard_cat\Rerta 1-leopard cat_baseline_BC\A-West-50m-BC-Round 2\IMG_0272.JPG,leopard_cat,leopard_cat,0.999289,True,79.60595703125,582.7744140625,RELATIF_GELAP,INDIKASI_BLUR_TINGGI
EVT_0008,3,C:\Users\bagus\OneDrive\Bagus\OneDrive\Dokumen\Magang\dataset\test\leopard_cat\EVT_0008_foto_3.jpg,C:\Users\bagus\OneDrive\Bagus\OneDrive\Dokumen\Magang\01_DATA_ASLI\leopard_cat\Rerta 1-leopard cat_baseline_BC\A-West-50m-BC-Round 2\IMG_0273.JPG,leopard_cat,leopard_cat,0.999338,True,79.58152770996094,590.9149169921875,RELATIF_GELAP,INDIKASI_BLUR_TINGGI
EVT_0009,1,C:\Users\bagus\OneDrive\Bagus\OneDrive\Dokumen\Magang\dataset\test\leopard_cat\EVT_0009_foto_1.jpg,C:\Users\bagus\OneDrive\Bagus\OneDrive\Dokumen\Magang\01_DATA_ASLI\leopard_cat\Rerta 1-leopard cat_baseline_BC\A-West-50m-BC-Round 2\IMG_0274.JPG,leopard_cat,leopard_cat,0.998175,True,83.9133071899414,593.055419921875,SEDANG,INDIKASI_BLUR_TINGGI
EVT_0009,2,C:\Users\bagus\OneDrive\Bagus\OneDrive\Dokumen\Magang\dataset\test\leopard_cat\EVT_0009_foto_2.jpg,C:\Users\bagus\OneDrive\Bagus\OneDrive\Dokumen\Magang\01_DATA_ASLI\leopard_cat\Rerta 1-leopard cat_baseline_BC\A-West-50m-BC-Round 2\IMG_0275.JPG,leopard_cat,leopard_cat,0.997497,True,83.48472595214844,608.0588989257812,SEDANG,SEDANG
EVT_0009,3,C:\Users\bagus\OneDrive\Bagus\OneDrive\Dokumen\Magang\dataset\test\leopard_cat\EVT_0009_foto_3.jpg,C:\Users\bagus\OneDrive\Bagus\OneDrive\Dokumen\Magang\01_DATA_ASLI\leopard_cat\Rerta 1-leopard cat_baseline_BC\A-West-50m-BC-Round 2\IMG_0276.JPG,leopard_cat,leopard_cat,0.997224,True,83.35160827636719,600.5469970703125,SEDANG,INDIKASI_BLUR_TINGGI
EVT_0015,1,C:\Users\bagus\OneDrive\Bagus\OneDrive\Dokumen\Magang\dataset\test\leopard_cat\EVT_0015_foto_1.jpg,C:\Users\bagus\OneDrive\Bagus\OneDrive\Dokumen\Magang\01_DATA_ASLI\leopard_cat\Rerta 1-leopard cat_baseline_BC\A-West-250m-BC-Round 4\IMG_0049.JPG,leopard_cat,leopard_cat,0.999922,True,47.42196273803711,578.4337158203125,RELATIF_GELAP,INDIKASI_BLUR_TINGGI
EVT_0015,2,C:\Users\bagus\OneDrive\Bagus\OneDrive\Dokumen\Magang\dataset\test\leopard_cat\EVT_0015_foto_2.jpg,C:\Users\bagus\OneDrive\Bagus\OneDrive\Dokumen\Magang\01_DATA_ASLI\leopard_cat\Rerta 1-leopard cat_baseline_BC\A-West-250m-BC-Round 4\IMG_0050.JPG,leopard_cat,leopard_cat,0.999886,True,48.06376647949219,588.8048706054688,RELATIF_GELAP,INDIKASI_BLUR_TINGGI
EVT_0015,3,C:\Users\bagus\OneDrive\Bagus\OneDrive\Dokumen\Magang\dataset\test\leopard_cat\EVT_0015_foto_3.jpg,C:\Users\bagus\OneDrive\Bagus\OneDrive\Dokumen\Magang\01_DATA_ASLI\leopard_cat\Rerta 1-leopard cat_baseline_BC\A-West-250m-BC-Round 4\IMG_0051.JPG,leopard_cat,leopard_cat,0.999829,True,43.49200439453125,578.0546264648438,RELATIF_GELAP,INDIKASI_BLUR_TINGGI
EVT_0016,1,C:\Users\bagus\OneDrive\Bagus\OneDrive\Dokumen\Magang\dataset\test\leopard_cat\EVT_0016_foto_1.jpg,C:\Users\bagus\OneDrive\Bagus\OneDrive\Dokumen\Magang\01_DATA_ASLI\leopard_cat\Rerta 1-leopard cat_baseline_BC\A-West-250m-BC-Round 4\IMG_0052.JPG,leopard_cat,leopard_cat,0.999528,True,77.24960327148438,628.1510620117188,RELATIF_GELAP,SEDANG
EVT_0016,2,C:\Users\bagus\OneDrive\Bagus\OneDrive\Dokumen\Magang\dataset\test\leopard_cat\EVT_0016_foto_2.jpg,C:\Users\bagus\OneDrive\Bagus\OneDrive\Dokumen\Magang\01_DATA_ASLI\leopard_cat\Rerta 1-leopard cat_baseline_BC\A-West-250m-BC-Round 4\IMG_0053.JPG,leopard_cat,leopard_cat,0.99964,True,78.58683013916016,637.714111328125,RELATIF_GELAP,SEDANG
EVT_0016,3,C:\Users\bagus\OneDrive\Bagus\OneDrive\Dokumen\Magang\dataset\test\leopard_cat\EVT_0016_foto_3.jpg,C:\Users\bagus\OneDrive\Bagus\OneDrive\Dokumen\Magang\01_DATA_ASLI\leopard_cat\Rerta 1-leopard cat_baseline_BC\A-West-250m-BC-Round 4\IMG_0054.JPG,leopard_cat,leopard_cat,0.999695,True,79.05364990234375,631.1804809570312,RELATIF_GELAP,SEDANG
EVT_0018,1,C:\Users\bagus\OneDrive\Bagus\OneDrive\Dokumen\Magang\dataset\test\leopard_cat\EVT_0018_foto_1.jpg,C:\Users\bagus\OneDrive\Bagus\OneDrive\Dokumen\Magang\01_DATA_ASLI\leopard_cat\Rerta 1-leopard cat_baseline_BC\A-West-250m-BC-Round 4\IMG_0058.JPG,leopard_cat,leopard_cat,0.999877,True,76.822265625,595.9366455078125,RELATIF_GELAP,INDIKASI_BLUR_TINGGI
EVT_0018,2,C:\Users\bagus\OneDrive\Bagus\OneDrive\Dokumen\Magang\dataset\test\leopard_cat\EVT_0018_foto_2.jpg,C:\Users\bagus\OneDrive\Bagus\OneDrive\Dokumen\Magang\01_DATA_ASLI\leopard_cat\Rerta 1-leopard cat_baseline_BC\A-West-250m-BC-Round 4\IMG_0059.JPG,leopard_cat,leopard_cat,0.999901,True,77.34998321533203,613.08447265625,RELATIF_GELAP,SEDANG
EVT_0018,3,C:\Users\bagus\OneDrive\Bagus\OneDrive\Dokumen\Magang\dataset\test\leopard_cat\EVT_0018_foto_3.jpg,C:\Users\bagus\OneDrive\Bagus\OneDrive\Dokumen\Magang\01_DATA_ASLI\leopard_cat\Rerta 1-leopard cat_baseline_BC\A-West-250m-BC-Round 4\IMG_0060.JPG,leopard_cat,leopard_cat,0.999918,True,77.68285369873047,606.1452026367188,RELATIF_GELAP,INDIKASI_BLUR_TINGGI
EVT_0041,1,C:\Users\bagus\OneDrive\Bagus\OneDrive\Dokumen\Magang\dataset\test\leopard_cat\EVT_0041_foto_1.jpg,C:\Users\bagus\OneDrive\Bagus\OneDrive\Dokumen\Magang\01_DATA_ASLI\leopard_cat\Rerta 1-leopard cat_baseline_BC\A-West-250m-BC-Round 7\IMG_0037.JPG,leopard_cat,leopard_cat,0.999787,True,51.95368957519531,580.6154174804688,RELATIF_GELAP,INDIKASI_BLUR_TINGGI
EVT_0041,2,C:\Users\bagus\OneDrive\Bagus\OneDrive\Dokumen\Magang\dataset\test\leopard_cat\EVT_0041_foto_2.jpg,C:\Users\bagus\OneDrive\Bagus\OneDrive\Dokumen\Magang\01_DATA_ASLI\leopard_cat\Rerta 1-leopard cat_baseline_BC\A-West-250m-BC-Round 7\IMG_0038.JPG,leopard_cat,leopard_cat,0.999796,True,52.72049331665039,592.3336181640625,RELATIF_GELAP,INDIKASI_BLUR_TINGGI
EVT_0041,3,C:\Users\bagus\OneDrive\Bagus\OneDrive\Dokumen\Magang\dataset\test\leopard_cat\EVT_0041_foto_3.jpg,C:\Users\bagus\OneDrive\Bagus\OneDrive\Dokumen\Magang\01_DATA_ASLI\leopard_cat\Rerta 1-leopard cat_baseline_BC\A-West-250m-BC-Round 7\IMG_0039.JPG,leopard_cat,leopard_cat,0.999842,True,52.73487091064453,584.1361694335938,RELATIF_GELAP,INDIKASI_BLUR_TINGGI
EVT_0048,1,C:\Users\bagus\OneDrive\Bagus\OneDrive\Dokumen\Magang\dataset\test\leopard_cat\EVT_0048_foto_1.jpg,C:\Users\bagus\OneDrive\Bagus\OneDrive\Dokumen\Magang\01_DATA_ASLI\leopard_cat\Rerta 1-leopard cat_baseline_BC\A-West-250m-BC-Round 8\IMG_0208.JPG,leopard_cat,leopard_cat,0.999742,True,79.912841796875,606.3795776367188,SEDANG,INDIKASI_BLUR_TINGGI
EVT_0048,2,C:\Users\bagus\OneDrive\Bagus\OneDrive\Dokumen\Magang\dataset\test\leopard_cat\EVT_0048_foto_2.jpg,C:\Users\bagus\OneDrive\Bagus\OneDrive\Dokumen\Magang\01_DATA_ASLI\leopard_cat\Rerta 1-leopard cat_baseline_BC\A-West-250m-BC-Round 8\IMG_0209.JPG,leopard_cat,leopard_cat,0.999757,True,81.89741516113281,620.380859375,SEDANG,SEDANG
EVT_0048,3,C:\Users\bagus\OneDrive\Bagus\OneDrive\Dokumen\Magang\dataset\test\leopard_cat\EVT_0048_foto_3.jpg,C:\Users\bagus\OneDrive\Bagus\OneDrive\Dokumen\Magang\01_DATA_ASLI\leopard_cat\Rerta 1-leopard cat_baseline_BC\A-West-250m-BC-Round 8\IMG_0210.JPG,leopard_cat,leopard_cat,0.999545,True,82.28016662597656,618.328857421875,SEDANG,SEDANG
EVT_0060,1,C:\Users\bagus\OneDrive\Bagus\OneDrive\Dokumen\Magang\dataset\test\leopard_cat\EVT_0060_foto_1.jpg,C:\Users\bagus\OneDrive\Bagus\OneDrive\Dokumen\Magang\01_DATA_ASLI\leopard_cat\Rerta 1-leopard cat_baseline_BC\A-West-250m-BC-Round 8\IMG_0247.JPG,leopard_cat,leopard_cat,0.999927,True,49.80971908569336,563.0291137695312,RELATIF_GELAP,INDIKASI_BLUR_TINGGI
EVT_0060,2,C:\Users\bagus\OneDrive\Bagus\OneDrive\Dokumen\Magang\dataset\test\leopard_cat\EVT_0060_foto_2.jpg,C:\Users\bagus\OneDrive\Bagus\OneDrive\Dokumen\Magang\01_DATA_ASLI\leopard_cat\Rerta 1-leopard cat_baseline_BC\A-West-250m-BC-Round 8\IMG_0248.JPG,leopard_cat,leopard_cat,0.999349,True,82.31423950195312,632.1771850585938,SEDANG,SEDANG
EVT_0060,3,C:\Users\bagus\OneDrive\Bagus\OneDrive\Dokumen\Magang\dataset\test\leopard_cat\EVT_0060_foto_3.jpg,C:\Users\bagus\OneDrive\Bagus\OneDrive\Dokumen\Magang\01_DATA_ASLI\leopard_cat\Rerta 1-leopard cat_baseline_BC\A-West-250m-BC-Round 8\IMG_0249.JPG,leopard_cat,leopard_cat,0.999782,True,80.99750518798828,636.22216796875,SEDANG,SEDANG
EVT_0069,1,C:\Users\bagus\OneDrive\Bagus\OneDrive\Dokumen\Magang\dataset\test\null\EVT_0069_foto_1.jpg,C:\Users\bagus\OneDrive\Bagus\OneDrive\Dokumen\Magang\01_DATA_ASLI\tanpa_satwa\Rerta 1-tanpa satwa_baseline_BC\CAMTRAP_RERTA_2017_12_12_BC\D EAST 350M BC_CAM11_2017_12_12\100RECNX\IMG_0013.JPG,null,null,0.99617,True,101.92111206054688,1050.087890625,RELATIF_TERANG,TAJAM
EVT_0069,2,C:\Users\bagus\OneDrive\Bagus\OneDrive\Dokumen\Magang\dataset\test\null\EVT_0069_foto_2.jpg,C:\Users\bagus\OneDrive\Bagus\OneDrive\Dokumen\Magang\01_DATA_ASLI\tanpa_satwa\Rerta 1-tanpa satwa_baseline_BC\CAMTRAP_RERTA_2017_12_12_BC\D EAST 350M BC_CAM11_2017_12_12\100RECNX\IMG_0014.JPG,null,null,0.996563,True,101.5998764038086,1052.8612060546875,RELATIF_TERANG,TAJAM
EVT_0069,3,C:\Users\bagus\OneDrive\Bagus\OneDrive\Dokumen\Magang\dataset\test\null\EVT_0069_foto_3.jpg,C:\Users\bagus\OneDrive\Bagus\OneDrive\Dokumen\Magang\01_DATA_ASLI\tanpa_satwa\Rerta 1-tanpa satwa_baseline_BC\CAMTRAP_RERTA_2017_12_12_BC\D EAST 350M BC_CAM11_2017_12_12\100RECNX\IMG_0015.JPG,null,null,0.996857,True,101.02369689941406,1049.463623046875,RELATIF_TERANG,TAJAM
EVT_0072,1,C:\Users\bagus\OneDrive\Bagus\OneDrive\Dokumen\Magang\dataset\test\null\EVT_0072_foto_1.jpg,C:\Users\bagus\OneDrive\Bagus\OneDrive\Dokumen\Magang\01_DATA_ASLI\tanpa_satwa\Rerta 1-tanpa satwa_baseline_BC\CAMTRAP_RERTA_2017_12_12_BC\D EAST 350M BC_CAM11_2017_12_12\100RECNX\IMG_0025.JPG,null,null,0.996723,True,104.07644653320312,1101.734130859375,RELATIF_TERANG,TAJAM
EVT_0072,2,C:\Users\bagus\OneDrive\Bagus\OneDrive\Dokumen\Magang\dataset\test\null\EVT_0072_foto_2.jpg,C:\Users\bagus\OneDrive\Bagus\OneDrive\Dokumen\Magang\01_DATA_ASLI\tanpa_satwa\Rerta 1-tanpa satwa_baseline_BC\CAMTRAP_RERTA_2017_12_12_BC\D EAST 350M BC_CAM11_2017_12_12\100RECNX\IMG_0026.JPG,null,null,0.996538,True,104.1474380493164,1107.2618408203125,RELATIF_TERANG,TAJAM
EVT_0072,3,C:\Users\bagus\OneDrive\Bagus\OneDrive\Dokumen\Magang\dataset\test\null\EVT_0072_foto_3.jpg,C:\Users\bagus\OneDrive\Bagus\OneDrive\Dokumen\Magang\01_DATA_ASLI\tanpa_satwa\Rerta 1-tanpa satwa_baseline_BC\CAMTRAP_RERTA_2017_12_12_BC\D EAST 350M BC_CAM11_2017_12_12\100RECNX\IMG_0027.JPG,null,null,0.99706,True,104.34947967529297,1113.6551513671875,RELATIF_TERANG,TAJAM
EVT_0074,1,C:\Users\bagus\OneDrive\Bagus\OneDrive\Dokumen\Magang\dataset\test\null\EVT_0074_foto_1.jpg,C:\Users\bagus\OneDrive\Bagus\OneDrive\Dokumen\Magang\01_DATA_ASLI\tanpa_satwa\Rerta 1-tanpa satwa_baseline_BC\CAMTRAP_RERTA_2017_12_12_BC\B WEST 250M BC_CAM40_2017_12_12\100RECNX\IMG_0043.JPG,null,null,0.990416,True,105.2645263671875,839.7387084960938,RELATIF_TERANG,SEDANG
EVT_0074,2,C:\Users\bagus\OneDrive\Bagus\OneDrive\Dokumen\Magang\dataset\test\null\EVT_0074_foto_2.jpg,C:\Users\bagus\OneDrive\Bagus\OneDrive\Dokumen\Magang\01_DATA_ASLI\tanpa_satwa\Rerta 1-tanpa satwa_baseline_BC\CAMTRAP_RERTA_2017_12_12_BC\B WEST 250M BC_CAM40_2017_12_12\100RECNX\IMG_0044.JPG,null,null,0.989577,True,105.54632568359375,840.0013427734375,RELATIF_TERANG,SEDANG
EVT_0074,3,C:\Users\bagus\OneDrive\Bagus\OneDrive\Dokumen\Magang\dataset\test\null\EVT_0074_foto_3.jpg,C:\Users\bagus\OneDrive\Bagus\OneDrive\Dokumen\Magang\01_DATA_ASLI\tanpa_satwa\Rerta 1-tanpa satwa_baseline_BC\CAMTRAP_RERTA_2017_12_12_BC\B WEST 250M BC_CAM40_2017_12_12\100RECNX\IMG_0045.JPG,null,null,0.992414,True,105.6081771850586,846.86962890625,RELATIF_TERANG,TAJAM
EVT_0076,1,C:\Users\bagus\OneDrive\Bagus\OneDrive\Dokumen\Magang\dataset\test\null\EVT_0076_foto_1.jpg,C:\Users\bagus\OneDrive\Bagus\OneDrive\Dokumen\Magang\01_DATA_ASLI\tanpa_satwa\Rerta 1-tanpa satwa_baseline_BC\CAMTRAP_RERTA_2017_12_12_BC\D EAST 350M BC_CAM11_2017_12_12\100RECNX\IMG_0244.JPG,null,null,0.996722,True,91.44317626953125,1621.08642578125,SEDANG,TAJAM
EVT_0076,2,C:\Users\bagus\OneDrive\Bagus\OneDrive\Dokumen\Magang\dataset\test\null\EVT_0076_foto_2.jpg,C:\Users\bagus\OneDrive\Bagus\OneDrive\Dokumen\Magang\01_DATA_ASLI\tanpa_satwa\Rerta 1-tanpa satwa_baseline_BC\CAMTRAP_RERTA_2017_12_12_BC\D EAST 350M BC_CAM11_2017_12_12\100RECNX\IMG_0245.JPG,null,null,0.996026,True,91.46207427978516,1630.1365966796875,SEDANG,TAJAM
EVT_0076,3,C:\Users\bagus\OneDrive\Bagus\OneDrive\Dokumen\Magang\dataset\test\null\EVT_0076_foto_3.jpg,C:\Users\bagus\OneDrive\Bagus\OneDrive\Dokumen\Magang\01_DATA_ASLI\tanpa_satwa\Rerta 1-tanpa satwa_baseline_BC\CAMTRAP_RERTA_2017_12_12_BC\D EAST 350M BC_CAM11_2017_12_12\100RECNX\IMG_0246.JPG,null,null,0.995908,True,91.43921661376953,1630.7359619140625,SEDANG,TAJAM
EVT_0093,1,C:\Users\bagus\OneDrive\Bagus\OneDrive\Dokumen\Magang\dataset\test\null\EVT_0093_foto_1.jpg,C:\Users\bagus\OneDrive\Bagus\OneDrive\Dokumen\Magang\01_DATA_ASLI\tanpa_satwa\Rerta 1-tanpa satwa_baseline_BC\CAMTRAP_RERTA_2017_12_30_BC\B West 250m BC_Cam40_2017_12_30\100RECNX\IMG_0061.JPG,null,null,0.998473,True,107.64995574951172,810.02734375,RELATIF_TERANG,SEDANG
EVT_0093,2,C:\Users\bagus\OneDrive\Bagus\OneDrive\Dokumen\Magang\dataset\test\null\EVT_0093_foto_2.jpg,C:\Users\bagus\OneDrive\Bagus\OneDrive\Dokumen\Magang\01_DATA_ASLI\tanpa_satwa\Rerta 1-tanpa satwa_baseline_BC\CAMTRAP_RERTA_2017_12_30_BC\B West 250m BC_Cam40_2017_12_30\100RECNX\IMG_0062.JPG,null,null,0.998422,True,107.811279296875,819.5076904296875,RELATIF_TERANG,SEDANG
EVT_0093,3,C:\Users\bagus\OneDrive\Bagus\OneDrive\Dokumen\Magang\dataset\test\null\EVT_0093_foto_3.jpg,C:\Users\bagus\OneDrive\Bagus\OneDrive\Dokumen\Magang\01_DATA_ASLI\tanpa_satwa\Rerta 1-tanpa satwa_baseline_BC\CAMTRAP_RERTA_2017_12_30_BC\B West 250m BC_Cam40_2017_12_30\100RECNX\IMG_0063.JPG,null,null,0.998786,True,108.02613830566406,812.1482543945312,RELATIF_TERANG,SEDANG
EVT_0099,1,C:\Users\bagus\OneDrive\Bagus\OneDrive\Dokumen\Magang\dataset\test\null\EVT_0099_foto_1.jpg,C:\Users\bagus\OneDrive\Bagus\OneDrive\Dokumen\Magang\01_DATA_ASLI\tanpa_satwa\Rerta 1-tanpa satwa_baseline_BC\CAMTRAP_RERTA_2017_12_30_BC\A East 350m BC_Cam30_2017_12_30\101RECNX\IMG_0016.JPG,null,null,0.998059,True,93.78520965576172,1397.916259765625,SEDANG,TAJAM
EVT_0099,2,C:\Users\bagus\OneDrive\Bagus\OneDrive\Dokumen\Magang\dataset\test\null\EVT_0099_foto_2.jpg,C:\Users\bagus\OneDrive\Bagus\OneDrive\Dokumen\Magang\01_DATA_ASLI\tanpa_satwa\Rerta 1-tanpa satwa_baseline_BC\CAMTRAP_RERTA_2017_12_30_BC\A East 350m BC_Cam30_2017_12_30\101RECNX\IMG_0017.JPG,null,null,0.997808,True,94.16485595703125,1413.38818359375,SEDANG,TAJAM
EVT_0099,3,C:\Users\bagus\OneDrive\Bagus\OneDrive\Dokumen\Magang\dataset\test\null\EVT_0099_foto_3.jpg,C:\Users\bagus\OneDrive\Bagus\OneDrive\Dokumen\Magang\01_DATA_ASLI\tanpa_satwa\Rerta 1-tanpa satwa_baseline_BC\CAMTRAP_RERTA_2017_12_30_BC\A East 350m BC_Cam30_2017_12_30\101RECNX\IMG_0018.JPG,null,null,0.998349,True,94.22359466552734,1417.14794921875,SEDANG,TAJAM
EVT_0101,1,C:\Users\bagus\OneDrive\Bagus\OneDrive\Dokumen\Magang\dataset\test\null\EVT_0101_foto_1.jpg,C:\Users\bagus\OneDrive\Bagus\OneDrive\Dokumen\Magang\01_DATA_ASLI\tanpa_satwa\Rerta 1-tanpa satwa_baseline_BC\CAMTRAP_RERTA_2017_12_30_BC\A East 350m BC_Cam30_2017_12_30\101RECNX\IMG_0025.JPG,null,null,0.999956,True,98.232666015625,1571.73388671875,SEDANG,TAJAM
EVT_0101,2,C:\Users\bagus\OneDrive\Bagus\OneDrive\Dokumen\Magang\dataset\test\null\EVT_0101_foto_2.jpg,C:\Users\bagus\OneDrive\Bagus\OneDrive\Dokumen\Magang\01_DATA_ASLI\tanpa_satwa\Rerta 1-tanpa satwa_baseline_BC\CAMTRAP_RERTA_2017_12_30_BC\A East 350m BC_Cam30_2017_12_30\101RECNX\IMG_0026.JPG,null,null,0.999947,True,98.38197326660156,1571.3076171875,SEDANG,TAJAM
EVT_0101,3,C:\Users\bagus\OneDrive\Bagus\OneDrive\Dokumen\Magang\dataset\test\null\EVT_0101_foto_3.jpg,C:\Users\bagus\OneDrive\Bagus\OneDrive\Dokumen\Magang\01_DATA_ASLI\tanpa_satwa\Rerta 1-tanpa satwa_baseline_BC\CAMTRAP_RERTA_2017_12_30_BC\A East 350m BC_Cam30_2017_12_30\101RECNX\IMG_0027.JPG,null,null,0.999913,True,98.41465759277344,1572.1090087890625,RELATIF_TERANG,TAJAM
EVT_0104,1,C:\Users\bagus\OneDrive\Bagus\OneDrive\Dokumen\Magang\dataset\test\null\EVT_0104_foto_1.jpg,C:\Users\bagus\OneDrive\Bagus\OneDrive\Dokumen\Magang\01_DATA_ASLI\tanpa_satwa\Rerta 1-tanpa satwa_baseline_BC\CAMTRAP_RERTA_2017_12_30_BC\B West 250m BC_Cam40_2017_12_30\100RECNX\IMG_0130.JPG,null,null,0.999869,True,104.11947631835938,819.5175170898438,RELATIF_TERANG,SEDANG
EVT_0104,2,C:\Users\bagus\OneDrive\Bagus\OneDrive\Dokumen\Magang\dataset\test\null\EVT_0104_foto_2.jpg,C:\Users\bagus\OneDrive\Bagus\OneDrive\Dokumen\Magang\01_DATA_ASLI\tanpa_satwa\Rerta 1-tanpa satwa_baseline_BC\CAMTRAP_RERTA_2017_12_30_BC\B West 250m BC_Cam40_2017_12_30\100RECNX\IMG_0131.JPG,null,null,0.999871,True,104.32906341552734,837.9693603515625,RELATIF_TERANG,SEDANG
EVT_0104,3,C:\Users\bagus\OneDrive\Bagus\OneDrive\Dokumen\Magang\dataset\test\null\EVT_0104_foto_3.jpg,C:\Users\bagus\OneDrive\Bagus\OneDrive\Dokumen\Magang\01_DATA_ASLI\tanpa_satwa\Rerta 1-tanpa satwa_baseline_BC\CAMTRAP_RERTA_2017_12_30_BC\B West 250m BC_Cam40_2017_12_30\100RECNX\IMG_0132.JPG,null,null,0.999859,True,104.35160827636719,843.1808471679688,RELATIF_TERANG,SEDANG
EVT_0112,1,C:\Users\bagus\OneDrive\Bagus\OneDrive\Dokumen\Magang\dataset\test\null\EVT_0112_foto_1.jpg,C:\Users\bagus\OneDrive\Bagus\OneDrive\Dokumen\Magang\01_DATA_ASLI\tanpa_satwa\Rerta 1-tanpa satwa_baseline_BC\CAMTRAP_RERTA_2017_12_30_BC\A West 250m BC_Cam26_2017_12_30\100RECNX\IMG_0112.JPG,null,null,0.997975,True,101.83243560791016,1152.3681640625,RELATIF_TERANG,TAJAM
EVT_0112,2,C:\Users\bagus\OneDrive\Bagus\OneDrive\Dokumen\Magang\dataset\test\null\EVT_0112_foto_2.jpg,C:\Users\bagus\OneDrive\Bagus\OneDrive\Dokumen\Magang\01_DATA_ASLI\tanpa_satwa\Rerta 1-tanpa satwa_baseline_BC\CAMTRAP_RERTA_2017_12_30_BC\A West 250m BC_Cam26_2017_12_30\100RECNX\IMG_0113.JPG,null,null,0.997927,True,101.71353149414062,1164.53125,RELATIF_TERANG,TAJAM
EVT_0112,3,C:\Users\bagus\OneDrive\Bagus\OneDrive\Dokumen\Magang\dataset\test\null\EVT_0112_foto_3.jpg,C:\Users\bagus\OneDrive\Bagus\OneDrive\Dokumen\Magang\01_DATA_ASLI\tanpa_satwa\Rerta 1-tanpa satwa_baseline_BC\CAMTRAP_RERTA_2017_12_30_BC\A West 250m BC_Cam26_2017_12_30\100RECNX\IMG_0114.JPG,null,null,0.997692,True,101.74855041503906,1157.8514404296875,RELATIF_TERANG,TAJAM
EVT_0130,1,C:\Users\bagus\OneDrive\Bagus\OneDrive\Dokumen\Magang\dataset\test\null\EVT_0130_foto_1.jpg,C:\Users\bagus\OneDrive\Bagus\OneDrive\Dokumen\Magang\01_DATA_ASLI\tanpa_satwa\Rerta 1-tanpa satwa_baseline_BC\CAMTRAP_RERTA_2017_12_30_BC\A East 350m BC_Cam30_2017_12_30\103RECNX\IMG_0100.JPG,null,null,0.999861,True,99.6888198852539,1309.9765625,RELATIF_TERANG,TAJAM
EVT_0130,2,C:\Users\bagus\OneDrive\Bagus\OneDrive\Dokumen\Magang\dataset\test\null\EVT_0130_foto_2.jpg,C:\Users\bagus\OneDrive\Bagus\OneDrive\Dokumen\Magang\01_DATA_ASLI\tanpa_satwa\Rerta 1-tanpa satwa_baseline_BC\CAMTRAP_RERTA_2017_12_30_BC\A East 350m BC_Cam30_2017_12_30\103RECNX\IMG_0101.JPG,null,null,0.99981,True,100.09548950195312,1323.5582275390625,RELATIF_TERANG,TAJAM
EVT_0130,3,C:\Users\bagus\OneDrive\Bagus\OneDrive\Dokumen\Magang\dataset\test\null\EVT_0130_foto_3.jpg,C:\Users\bagus\OneDrive\Bagus\OneDrive\Dokumen\Magang\01_DATA_ASLI\tanpa_satwa\Rerta 1-tanpa satwa_baseline_BC\CAMTRAP_RERTA_2017_12_30_BC\A East 350m BC_Cam30_2017_12_30\103RECNX\IMG_0102.JPG,null,null,0.999892,True,100.15475463867188,1317.389892578125,RELATIF_TERANG,TAJAM
EVT_0133,1,C:\Users\bagus\OneDrive\Bagus\OneDrive\Dokumen\Magang\dataset\test\null\EVT_0133_foto_1.jpg,C:\Users\bagus\OneDrive\Bagus\OneDrive\Dokumen\Magang\01_DATA_ASLI\tanpa_satwa\Rerta 1-tanpa satwa_baseline_BC\CAMTRAP_RERTA_2017_12_30_BC\B West 250m BC_Cam40_2017_12_30\100RECNX\IMG_0226.JPG,null,null,0.999211,True,95.17633819580078,783.7388305664062,SEDANG,SEDANG
EVT_0133,2,C:\Users\bagus\OneDrive\Bagus\OneDrive\Dokumen\Magang\dataset\test\null\EVT_0133_foto_2.jpg,C:\Users\bagus\OneDrive\Bagus\OneDrive\Dokumen\Magang\01_DATA_ASLI\tanpa_satwa\Rerta 1-tanpa satwa_baseline_BC\CAMTRAP_RERTA_2017_12_30_BC\B West 250m BC_Cam40_2017_12_30\100RECNX\IMG_0227.JPG,null,null,0.999457,True,95.38127899169922,791.5477905273438,SEDANG,SEDANG
EVT_0133,3,C:\Users\bagus\OneDrive\Bagus\OneDrive\Dokumen\Magang\dataset\test\null\EVT_0133_foto_3.jpg,C:\Users\bagus\OneDrive\Bagus\OneDrive\Dokumen\Magang\01_DATA_ASLI\tanpa_satwa\Rerta 1-tanpa satwa_baseline_BC\CAMTRAP_RERTA_2017_12_30_BC\B West 250m BC_Cam40_2017_12_30\100RECNX\IMG_0228.JPG,null,null,0.998621,True,94.9148941040039,781.2391357421875,SEDANG,SEDANG
