,EVT_0001,EVT_0002,EVT_0003,EVT_0004,EVT_0005,EVT_0006,EVT_0007,EVT_0008,EVT_0009,EVT_0010,EVT_0011,EVT_0012,EVT_0013,EVT_0014,EVT_0015,EVT_0016,EVT_0017,EVT_0018,EVT_0019,EVT_0020,EVT_0021,EVT_0022,EVT_0023,EVT_0024,EVT_0025,EVT_0026,EVT_0027,EVT_0028,EVT_0029,EVT_0030,EVT_0031,EVT_0032,EVT_0033,EVT_0034,EVT_0035,EVT_0036,EVT_0037,EVT_0038,EVT_0039,EVT_0040,EVT_0041,EVT_0042,EVT_0043,EVT_0044,EVT_0045,EVT_0046,EVT_0047,EVT_0048,EVT_0049,EVT_0050,EVT_0051,EVT_0052,EVT_0053,EVT_0054,EVT_0055,EVT_0056,EVT_0057,EVT_0058,EVT_0059,EVT_0060,EVT_0061,EVT_0062,EVT_0063
EVT_0001,1.0,0.7725327,0.7821895,0.81234443,0.6080981,0.8966093,0.7120999,0.7694645,0.90979815,0.83601236,0.90596646,0.8284781,0.7595446,0.6445253,0.67254174,0.8367479,0.8126943,0.8224506,0.84519005,0.8544753,0.8365592,0.5351999,0.5970324,0.78400266,0.7203708,0.8178927,0.7761619,0.6050935,0.87024665,0.8705326,0.88221407,0.88501394,0.8625777,0.79393786,0.7010241,0.85162807,0.8245927,0.8226102,0.82110715,0.8125084,0.8195466,0.8177837,0.8616904,0.78095555,0.7687831,0.75618994,0.7452587,0.84780747,0.87733704,0.8723074,0.8799374,0.8763236,0.87769985,0.88195187,0.84467435,0.85881877,0.7531924,0.821062,0.8740612,0.8143269,0.8699319,0.84486955,0.8217751
EVT_0002,0.7725327,0.9999999,0.9621204,0.9394853,0.689394,0.81765914,0.8947581,0.8740371,0.7784498,0.8970493,0.760561,0.7965188,0.8911705,0.81785595,0.8485558,0.77508116,0.8687821,0.8454585,0.7667502,0.78820014,0.85115325,0.554991,0.61184907,0.871449,0.8547674,0.8344455,0.7213372,0.60165036,0.6780633,0.8116114,0.83773446,0.83215266,0.7940205,0.8060181,0.8149712,0.8752259,0.8848097,0.8362626,0.8159778,0.78275645,0.79381025,0.8528503,0.84482396,0.7376448,0.7992765,0.7356266,0.77641946,0.87847805,0.8082193,0.7853291,0.78994304,0.8072385,0.788101,0.79153895,0.8370223,0.8375922,0.8841161,0.90181583,0.79895985,0.9022713,0.802446,0.82466865,0.7949632
EVT_0003,0.7821895,0.9621204,1.0000002,0.9665941,0.6770091,0.8167356,0.8363677,0.84750634,0.7852626,0.88087946,0.7718692,0.8014493,0.87239444,0.7867514,0.81941456,0.7841449,0.8708072,0.84573966,0.7794209,0.8053291,0.85333073,0.566095,0.6267219,0.85316205,0.8414496,0.8299213,0.72993034,0.59862983,0.688343,0.83101785,0.8540176,0.85137206,0.8106408,0.7835712,0.7840495,0.857135,0.85756296,0.8436475,0.82585526,0.7972487,0.81434333,0.8521076,0.85114187,0.7442968,0.7812195,0.73592484,0.7742759,0.88460124,0.8306825,0.79444265,0.7989118,0.818214,0.7954808,0.7985975,0.84063995,0.8465171,0.8732879,0.88947344,0.81431544,0.8990327,0.81880575,0.837239,0.81239665
EVT_0004,0.81234443,0.9394853,0.9665941,0.99999976,0.6482301,0.8376187,0.77873915,0.7919703,0.80874205,0.8689019,0.8088753,0.8157561,0.8315667,0.73867095,0.766323,0.803431,0.8437667,0.8252684,0.79646564,0.82173014,0.8452357,0.5373167,0.6152663,0.8463483,0.79577506,0.8442131,0.7444483,0.5849706,0.71710336,0.8547324,0.8645712,0.8692547,0.83640325,0.7786864,0.77361274,0.8752574,0.86603594,0.8664006,0.85371596,0.83015025,0.83713424,0.870796,0.8596976,0.7544906,0.7752807,0.74452066,0.7631109,0.88900083,0.8531383,0.81583214,0.81983995,0.8384454,0.81603634,0.819569,0.84462726,0.85656923,0.8283696,0.87074435,0.8372015,0.86365104,0.8395003,0.8556843,0.82721555
EVT_0005,0.6080981,0.689394,0.6770091,0.6482301,1.0000001,0.7072856,0.7185667,0.72736895,0.6756633,0.7545798,0.6470499,0.7062803,0.78366244,0.7783934,0.7685138,0.7013924,0.73022324,0.70010775,0.6844677,0.69015074,0.72366095,0.8054798,0.89633036,0.7534867,0.7594768,0.7293099,0.7517517,0.87099856,0.6393327,0.6684929,0.66175205,0.6677586,0.67528105,0.7613293,0.74707395,0.73610747,0.73406774,0.6863216,0.67008704,0.66390276,0.6661355,0.7091294,0.7492739,0.683948,0.72120726,0.6740057,0.68971467,0.69947433,0.67471516,0.6556021,0.6508571,0.6631839,0.6535224,0.6503534,0.73624086,0.70121944,0.78199625,0.76412404,0.6619241,0.7454242,0.676661,0.67366844,0.68652326
EVT_0006,0.8966093,0.81765914,0.8167356,0.8376187,0.7072856,0.99999976,0.7860976,0.8269012,0.9697728,0.8993666,0.90831697,0.87137127,0.8055845,0.7221519,0.7415505,0.87446547,0.8518808,0.85911256,0.8618851,0.8810446,0.87620556,0.60495174,0.69021124,0.8209237,0.774037,0.8499709,0.83267003,0.68165267,0.8594527,0.8972115,0.9001161,0.9044118,0.89118946,0.8375009,0.7747673,0.8742809,0.88333356,0.85419226,0.8412531,0.83617556,0.8324605,0.8536151,0.8995538,0.8089098,0.8051667,0.78984094,0.7949333,0.8681269,0.8767569,0.8725944,0.87601864,0.873664,0.8737018,0.8763126,0.863992,0.8767725,0.80023676,0.8496469,0.8804549,0.84512585,0.8788359,0.8622049,0.8511952
EVT_0007,0.7120999,0.8947581,0.8363677,0.77873915,0.7185667,0.7860976,0.99999976,0.9447217,0.75410783,0.90123683,0.72055495,0.76549464,0.8911668,0.85474056,0.8934051,0.737875,0.86944675,0.82727504,0.7368121,0.7559893,0.83341336,0.5713629,0.6164429,0.8537005,0.88334006,0.79548824,0.71207,0.65241635,0.6449096,0.74473304,0.77584505,0.76760495,0.7324475,0.80870354,0.81640446,0.833205,0.85788393,0.76545,0.74009967,0.7094877,0.7295054,0.7909554,0.8082619,0.72051525,0.8067417,0.72269744,0.76207435,0.8215867,0.7424551,0.7341764,0.73451126,0.7494328,0.73490024,0.7367934,0.7947846,0.7882682,0.87361807,0.872242,0.7367307,0.8779712,0.7427664,0.76070523,0.737645
EVT_0008,0.7694645,0.8740371,0.84750634,0.7919703,0.72736895,0.8269012,0.9447217,1.0000001,0.81078386,0.896018,0.7681612,0.7878063,0.8771037,0.81728673,0.8619783,0.7670731,0.8661697,0.83557147,0.76152974,0.7846836,0.83753777,0.60677123,0.6493054,0.84706104,0.88719153,0.80668426,0.76563895,0.67344564,0.7112978,0.7898676,0.8154373,0.8138348,0.7824156,0.8513229,0.7911878,0.8491758,0.84978044,0.794042,0.7661202,0.7435164,0.7630096,0.8109157,0.8432573,0.7608692,0.8252298,0.7537668,0.79441035,0.84891295,0.78553545,0.77672327,0.7782055,0.7878315,0.7784101,0.7785866,0.82488096,0.82220113,0.88137746,0.8839613,0.78073525,0.89645934,0.78571534,0.7934603,0.77869815
EVT_0009,0.90979815,0.7784498,0.7852626,0.80874205,0.6756633,0.9697728,0.75410783,0.81078386,0.9999999,0.86827135,0.9273511,0.8539984,0.7767938,0.6814623,0.70869625,0.856974,0.8189272,0.8306848,0.85219073,0.8629432,0.84892625,0.60755235,0.6760388,0.79646146,0.74298525,0.8290832,0.82545775,0.6795097,0.87108403,0.8970104,0.8877828,0.9009712,0.8942268,0.8296187,0.7458029,0.8642849,0.841292,0.8303501,0.8289747,0.8260249,0.82878405,0.82743704,0.8870687,0.8015773,0.7927326,0.7845459,0.7752303,0.846094,0.8696728,0.8822392,0.8870357,0.87969375,0.8844148,0.88628435,0.86739254,0.87741494,0.7773111,0.8289113,0.88284117,0.82570076,0.88190156,0.849992,0.84435344
EVT_0010,0.83601236,0.8970493,0.88087946,0.8689019,0.7545798,0.8993666,0.90123683,0.896018,0.86827135,1.0,0.8814709,0.8562508,0.89648426,0.84085566,0.8623854,0.8413662,0.9119059,0.8783427,0.83775127,0.8608338,0.89583504,0.60128635,0.6886674,0.9021836,0.88204426,0.8870392,0.8195304,0.7049571,0.7602666,0.86303174,0.8759513,0.87709713,0.85034406,0.84647787,0.8569858,0.9004592,0.93475056,0.86189836,0.8441635,0.8301666,0.8413019,0.8873654,0.90701616,0.80120826,0.8369274,0.79562306,0.8127018,0.9009817,0.85351413,0.83814347,0.83987284,0.84853256,0.8365487,0.839996,0.87486106,0.87631917,0.8722187,0.9049822,0.84714913,0.9064752,0.8509513,0.8638611,0.83781713
EVT_0011,0.90596646,0.760561,0.7718692,0.8088753,0.6470499,0.90831697,0.72055495,0.7681612,0.9273511,0.8814709,1.0000001,0.86838806,0.78172725,0.67301023,0.70520526,0.8761898,0.83286333,0.8373817,0.8771814,0.8869283,0.85477245,0.57002676,0.6525793,0.81567955,0.75611734,0.8577253,0.8387034,0.6725954,0.8470933,0.8640667,0.85556793,0.86871815,0.857955,0.81939423,0.7186175,0.8759984,0.8471973,0.85929585,0.86763036,0.869615,0.86306137,0.8541976,0.90928674,0.8138602,0.7997451,0.79595375,0.77141285,0.871698,0.8979498,0.8992553,0.90090394,0.8911098,0.8960535,0.9001554,0.87561786,0.8841453,0.7658485,0.83839655,0.8976083,0.8254665,0.89207196,0.8797873,0.8652521
EVT_0012,0.8284781,0.7965188,0.8014493,0.8157561,0.7062803,0.87137127,0.76549464,0.7878063,0.8539984,0.8562508,0.86838806,1.0000001,0.8791517,0.77696335,0.79839766,0.97652686,0.91645133,0.9429432,0.96975493,0.9659568,0.95094997,0.5780573,0.701079,0.896078,0.8421136,0.9287485,0.86536527,0.7168709,0.8076532,0.85169756,0.82206184,0.8449186,0.8417098,0.8629801,0.7577703,0.84069526,0.836404,0.9071523,0.90550166,0.9137616,0.8845019,0.9087671,0.8686713,0.84711796,0.8487209,0.82861894,0.809771,0.92393816,0.9199117,0.90314937,0.90736735,0.9033607,0.89646405,0.8972602,0.91942143,0.9198733,0.8348205,0.89885056,0.9195068,0.8754542,0.921248,0.9296648,0.9200743
EVT_0013,0.7595446,0.8911705,0.87239444,0.8315667,0.78366244,0.8055845,0.8911668,0.8771037,0.7767938,0.89648426,0.78172725,0.8791517,0.9999999,0.92503166,0.9496315,0.8504535,0.9219258,0.91545194,0.846961,0.8590094,0.9069863,0.62797797,0.70846826,0.93532956,0.93078494,0.89055324,0.7750174,0.7087344,0.6963743,0.7946585,0.80261135,0.8052826,0.7865262,0.8519025,0.85633576,0.870575,0.8657675,0.8505416,0.8397318,0.81556904,0.8146939,0.8684516,0.85897094,0.7958095,0.8538159,0.7941583,0.8141662,0.89107347,0.8331884,0.8086226,0.8112098,0.8264463,0.8071012,0.8085948,0.8961377,0.86686563,0.95325506,0.94320273,0.8232446,0.930337,0.8307747,0.8529482,0.82417977
EVT_0014,0.6445253,0.81785595,0.7867514,0.73867095,0.7783934,0.7221519,0.85474056,0.81728673,0.6814623,0.84085566,0.67301023,0.77696335,0.92503166,1.0000004,0.9627081,0.7502179,0.8576857,0.8326696,0.7428297,0.76470566,0.82706195,0.658097,0.69866854,0.88108176,0.88111603,0.80973,0.71231914,0.6978588,0.59178185,0.6976732,0.71346724,0.715705,0.69478214,0.7685615,0.8744264,0.7944586,0.8210826,0.77538204,0.7652922,0.72674084,0.73702407,0.7894746,0.7834617,0.72026396,0.7830009,0.7165588,0.73722804,0.8019953,0.7386329,0.7034184,0.7020354,0.72800934,0.6986718,0.69878626,0.8184936,0.77638185,0.90144706,0.8754405,0.71665025,0.87288165,0.72620535,0.75095785,0.7320968
EVT_0015,0.67254174,0.8485558,0.81941456,0.766323,0.7685138,0.7415505,0.8934051,0.8619783,0.70869625,0.8623854,0.70520526,0.79839766,0.9496315,0.9627081,1.0,0.7747524,0.8771323,0.8545267,0.7674912,0.7878914,0.8439735,0.61454237,0.68154407,0.89944947,0.91612357,0.8303659,0.7292504,0.70195985,0.6249142,0.73017514,0.74465704,0.74669945,0.7265775,0.79950565,0.869715,0.82014906,0.8343364,0.7938667,0.7807684,0.7476357,0.7578058,0.8098191,0.8133125,0.74004996,0.8094001,0.74362683,0.7623985,0.830534,0.76132154,0.73051083,0.730853,0.7531322,0.7271632,0.7278462,0.84385175,0.80648416,0.93563616,0.9001914,0.7466676,0.8972074,0.75799346,0.7777238,0.75368273
EVT_0016,0.8367479,0.77508116,0.7841449,0.803431,0.7013924,0.87446547,0.737875,0.7670731,0.856974,0.8413662,0.8761898,0.97652686,0.8504535,0.7502179,0.7747524,1.0,0.9108585,0.9338765,0.98488295,0.9734798,0.9536632,0.59544134,0.716469,0.87976146,0.82014954,0.92645884,0.87887824,0.7284544,0.832163,0.8485379,0.8220276,0.8443555,0.8409999,0.86211205,0.7260111,0.8247416,0.81888604,0.90119207,0.8997505,0.912962,0.88158286,0.89324754,0.8757373,0.8516731,0.8474335,0.8317957,0.8018636,0.91839945,0.9329088,0.91307384,0.9151659,0.90723073,0.9041115,0.9045048,0.91979295,0.9210423,0.8158394,0.8909708,0.9293858,0.8647715,0.92584044,0.932607,0.93640035
EVT_0017,0.8126943,0.8687821,0.8708072,0.8437667,0.73022324,0.8518808,0.86944675,0.8661697,0.8189272,0.9119059,0.83286333,0.91645133,0.9219258,0.8576857,0.8771323,0.9108585,1.0000001,0.96242267,0.9181839,0.9404563,0.97827864,0.6191517,0.70602703,0.9196006,0.9148134,0.90717787,0.80626655,0.7168437,0.7389179,0.85608304,0.87003297,0.86501294,0.84624857,0.8330047,0.7866336,0.8437588,0.8729641,0.87795866,0.85953724,0.84463596,0.845178,0.89432275,0.87526065,0.8252013,0.8670573,0.81173253,0.81999516,0.93626523,0.89914477,0.85743034,0.8610677,0.870501,0.8519171,0.85449153,0.89818543,0.90110314,0.89016294,0.9331313,0.8749058,0.92993784,0.877355,0.9105946,0.8857651
EVT_0018,0.8224506,0.8454585,0.84573966,0.8252684,0.70010775,0.85911256,0.82727504,0.83557147,0.8306848,0.8783427,0.8373817,0.9429432,0.91545194,0.8326696,0.8545267,0.9338765,0.96242267,0.9999999,0.9445799,0.9483516,0.972164,0.5911986,0.68745804,0.91137815,0.88758504,0.91043013,0.81257963,0.6907332,0.75332093,0.8433208,0.8460896,0.8526623,0.83128023,0.84895253,0.76239276,0.82929087,0.85020304,0.8757338,0.8666462,0.85721004,0.83900404,0.8834506,0.8550099,0.8233976,0.85495985,0.8111731,0.8177542,0.9330516,0.90363157,0.87155586,0.87753856,0.877592,0.86718166,0.86939096,0.90425825,0.9011161,0.873585,0.92272687,0.88814455,0.912442,0.8887078,0.9141928,0.8868892
EVT_0019,0.84519005,0.7667502,0.7794209,0.79646564,0.6844677,0.8618851,0.7368121,0.76152974,0.85219073,0.83775127,0.8771814,0.96975493,0.846961,0.7428297,0.7674912,0.98488295,0.9181839,0.9445799,0.99999994,0.97758174,0.96143186,0.5823607,0.6992457,0.87988937,0.8168846,0.9236327,0.8497113,0.7095936,0.8157886,0.8472266,0.82500166,0.8481762,0.8410363,0.8432498,0.71757674,0.81843394,0.813896,0.89116,0.8904629,0.9024836,0.8694037,0.8865999,0.8666545,0.84519637,0.84467435,0.8253563,0.7963346,0.91465086,0.93193567,0.9081979,0.91049635,0.9000995,0.89914966,0.9003025,0.9130889,0.91484725,0.8024158,0.88570535,0.921384,0.85514665,0.9183415,0.9297662,0.92685187
EVT_0020,0.8544753,0.78820014,0.8053291,0.82173014,0.69015074,0.8810446,0.7559893,0.7846836,0.8629432,0.8608338,0.8869283,0.9659568,0.8590094,0.76470566,0.7878914,0.9734798,0.9404563,0.9483516,0.97758174,1.0000002,0.9683589,0.5901024,0.7014371,0.88371426,0.84064585,0.91728526,0.8436438,0.71192753,0.8132427,0.86434424,0.8554951,0.87002546,0.85738456,0.8382112,0.73751664,0.839989,0.8463863,0.89191,0.8875345,0.8887579,0.8726499,0.88963914,0.88077766,0.8497831,0.8535237,0.8328046,0.8154923,0.9269172,0.9344943,0.90530044,0.9094759,0.90816414,0.89851034,0.8999597,0.91594714,0.92071164,0.82637477,0.90001667,0.9226813,0.8768675,0.9217178,0.93432486,0.9190595
EVT_0021,0.8365592,0.85115325,0.85333073,0.8452357,0.72366095,0.87620556,0.83341336,0.83753777,0.84892625,0.89583504,0.85477245,0.95094997,0.9069863,0.82706195,0.8439735,0.9536632,0.97827864,0.972164,0.96143186,0.9683589,1.0000001,0.6014422,0.70714426,0.9124327,0.87932765,0.9232782,0.82514274,0.7113534,0.78091586,0.85660636,0.8577299,0.8646561,0.8449024,0.8463032,0.77797365,0.8461156,0.8718147,0.891716,0.878543,0.87262535,0.8573923,0.8961108,0.8788288,0.8422693,0.8694949,0.8273256,0.8284887,0.93864536,0.9212968,0.8847845,0.8879832,0.89094746,0.8781697,0.88036764,0.9112506,0.9150642,0.868711,0.9265381,0.9030206,0.91144466,0.9033351,0.92444533,0.91047466
EVT_0022,0.5351999,0.554991,0.566095,0.5373167,0.8054798,0.60495174,0.5713629,0.60677123,0.60755235,0.60128635,0.57002676,0.5780573,0.62797797,0.658097,0.61454237,0.59544134,0.6191517,0.5911986,0.5823607,0.5901024,0.6014422,0.99999976,0.8398948,0.6071267,0.6167584,0.59536994,0.6634324,0.76824665,0.57121116,0.5901716,0.5928011,0.59721756,0.6033379,0.63726366,0.5992352,0.6308146,0.602786,0.57663554,0.572685,0.55741554,0.57024336,0.5809361,0.6670401,0.5866433,0.60105485,0.5626491,0.57786715,0.58191115,0.59031814,0.5726667,0.567857,0.57472605,0.5707948,0.56593,0.6331933,0.59050983,0.6502681,0.6318966,0.57048357,0.6336303,0.5765004,0.57474136,0.5965305
EVT_0023,0.5970324,0.61184907,0.6267219,0.6152663,0.89633036,0.69021124,0.6164429,0.6493054,0.6760388,0.6886674,0.6525793,0.701079,0.70846826,0.69866854,0.68154407,0.716469,0.70602703,0.68745804,0.6992457,0.7014371,0.70714426,0.8398948,1.0000002,0.7088119,0.7064047,0.7111871,0.75586426,0.911754,0.64114034,0.66169584,0.6520531,0.66207373,0.6690345,0.713768,0.6586573,0.68192995,0.67505527,0.6806731,0.66904426,0.6670147,0.670442,0.6896696,0.7232475,0.6921208,0.7039177,0.67330116,0.6658142,0.6852741,0.6896611,0.66754806,0.6618426,0.6716582,0.6613165,0.6572529,0.7114525,0.6850511,0.69879425,0.7073996,0.66732407,0.6937838,0.67665124,0.68142736,0.70821416
EVT_0024,0.78400266,0.871449,0.85316205,0.8463483,0.7534867,0.8209237,0.8537005,0.84706104,0.79646146,0.9021836,0.81567955,0.896078,0.93532956,0.88108176,0.89944947,0.87976146,0.9196006,0.91137815,0.87988937,0.88371426,0.9124327,0.6071267,0.7088119,1.0,0.94003916,0.9682791,0.8132898,0.71594465,0.7296865,0.8289268,0.82241416,0.8347995,0.822013,0.85856605,0.84577847,0.87187564,0.86829287,0.90999293,0.8956461,0.88118017,0.8778937,0.9295772,0.8712958,0.83813226,0.8804839,0.82640684,0.81740314,0.9359325,0.8898764,0.87203526,0.8731035,0.88776433,0.86870587,0.8696829,0.93520284,0.9188713,0.9229778,0.9599329,0.88238937,0.9355357,0.88797486,0.9183471,0.88211226
EVT_0025,0.7203708,0.8547674,0.8414496,0.79577506,0.7594768,0.774037,0.88334006,0.88719153,0.74298525,0.88204426,0.75611734,0.8421136,0.93078494,0.88111603,0.91612357,0.82014954,0.9148134,0.88758504,0.8168846,0.84064585,0.87932765,0.6167584,0.7064047,0.94003916,1.0,0.89438105,0.7811412,0.72384626,0.6716162,0.7836189,0.7912351,0.792373,0.77715766,0.8356494,0.8027381,0.8393885,0.8485018,0.84928864,0.8248292,0.8029073,0.8161651,0.8780909,0.8457967,0.8076185,0.8646168,0.7981271,0.81591576,0.89315057,0.82574344,0.8019249,0.80145526,0.8206688,0.7980001,0.79782224,0.8740713,0.85752213,0.9273555,0.9247923,0.8106282,0.92528224,0.820603,0.85162616,0.8309293
EVT_0026,0.8178927,0.8344455,0.8299213,0.8442131,0.7293099,0.8499709,0.79548824,0.80668426,0.8290832,0.8870392,0.8577253,0.9287485,0.89055324,0.80973,0.8303659,0.92645884,0.90717787,0.91043013,0.9236327,0.91728526,0.9232782,0.59536994,0.7111871,0.9682791,0.89438105,1.0000002,0.84782296,0.7127344,0.7769749,0.849547,0.8310174,0.85016966,0.83761823,0.86408305,0.7981434,0.86095554,0.8582754,0.93216455,0.92316693,0.92549926,0.9043654,0.9442738,0.88379115,0.8562604,0.8750793,0.83882177,0.8168471,0.94254804,0.9185454,0.9066789,0.9064913,0.9084791,0.90027404,0.9018284,0.9360051,0.92758644,0.8710058,0.93267775,0.91595435,0.9014251,0.91656446,0.9400276,0.9230989
EVT_0027,0.7761619,0.7213372,0.72993034,0.7444483,0.7517517,0.83267003,0.71207,0.76563895,0.82545775,0.8195304,0.8387034,0.86536527,0.7750174,0.71231914,0.7292504,0.87887824,0.80626655,0.81257963,0.8497113,0.8436438,0.82514274,0.6634324,0.75586426,0.8132898,0.7811412,0.84782296,1.0000002,0.8022897,0.85437596,0.823516,0.7930771,0.8205118,0.8197416,0.9178482,0.72670853,0.8043849,0.7860148,0.8466802,0.8478743,0.8624981,0.8469604,0.84612775,0.8481863,0.80008817,0.79090524,0.7862556,0.7543408,0.84303725,0.8488944,0.83901775,0.8375167,0.8277763,0.8297338,0.82678735,0.85910434,0.8508367,0.77820927,0.8210605,0.84777576,0.8086639,0.85286415,0.83488834,0.8408048
EVT_0028,0.6050935,0.60165036,0.59862983,0.5849706,0.87099856,0.68165267,0.65241635,0.67344564,0.6795097,0.7049571,0.6725954,0.7168709,0.7087344,0.6978588,0.70195985,0.7284544,0.7168437,0.6907332,0.7095936,0.71192753,0.7113534,0.76824665,0.911754,0.71594465,0.72384626,0.7127344,0.8022897,1.0000002,0.6759504,0.6680609,0.6445762,0.6616308,0.67742413,0.744401,0.66946214,0.68759656,0.6827619,0.66683185,0.6550859,0.66924703,0.66766244,0.6798104,0.7202158,0.68779385,0.70784956,0.68215513,0.6725522,0.69244456,0.68937933,0.677989,0.6715437,0.6763587,0.6698304,0.6655205,0.729301,0.7117802,0.70423436,0.71712685,0.6818594,0.7027589,0.69598293,0.6942884,0.70824283
EVT_0029,0.87024665,0.6780633,0.688343,0.71710336,0.6393327,0.8594527,0.6449096,0.7112978,0.87108403,0.7602666,0.8470933,0.8076532,0.6963743,0.59178185,0.6249142,0.832163,0.7389179,0.75332093,0.8157886,0.8132427,0.78091586,0.57121116,0.64114034,0.7296865,0.6716162,0.7769749,0.85437596,0.6759504,0.9999997,0.81908643,0.7968942,0.81798637,0.8124723,0.83384347,0.6637931,0.7960911,0.75151825,0.7845068,0.79401255,0.8008475,0.79773724,0.77358186,0.8148825,0.75030863,0.73119295,0.72823465,0.6882342,0.7877928,0.83235526,0.83797437,0.8367171,0.8289434,0.8361066,0.83501804,0.8219688,0.82140136,0.7045096,0.7652467,0.84209347,0.75037336,0.84429115,0.7931894,0.79393035
EVT_0030,0.8705326,0.8116114,0.83101785,0.8547324,0.6684929,0.8972115,0.74473304,0.7898676,0.8970104,0.86303174,0.8640667,0.85169756,0.7946585,0.6976732,0.73017514,0.8485379,0.85608304,0.8433208,0.8472266,0.86434424,0.85660636,0.5901716,0.66169584,0.8289268,0.7836189,0.849547,0.823516,0.6680609,0.81908643,0.9999998,0.9746618,0.9816159,0.98950636,0.8267675,0.73211145,0.8337338,0.8241147,0.84603584,0.8267251,0.8286592,0.8279767,0.854676,0.8775571,0.7773177,0.7781054,0.753717,0.75716376,0.86989594,0.869957,0.8607076,0.8693305,0.8674889,0.8619655,0.8642243,0.8679225,0.8758807,0.79800254,0.8457782,0.8691877,0.8468267,0.8741547,0.8728673,0.8487716
EVT_0031,0.88221407,0.83773446,0.8540176,0.8645712,0.66175205,0.9001161,0.77584505,0.8154373,0.8877828,0.8759513,0.85556793,0.82206184,0.80261135,0.71346724,0.74465704,0.8220276,0.87003297,0.8460896,0.82500166,0.8554951,0.8577299,0.5928011,0.6520531,0.82241416,0.7912351,0.8310174,0.7930771,0.6445762,0.7968942,0.9746618,1.0,0.98557186,0.968451,0.8090489,0.7427902,0.8449795,0.8433849,0.8361386,0.81402814,0.80132115,0.81413007,0.84011185,0.8800969,0.7677205,0.7776035,0.74650204,0.7601907,0.8677281,0.8630661,0.8401748,0.8474651,0.8523556,0.84245336,0.84605044,0.8461544,0.86074996,0.8077854,0.84930265,0.8479589,0.85446346,0.8509915,0.8545321,0.8217485
EVT_0032,0.88501394,0.83215266,0.85137206,0.8692547,0.6677586,0.9044118,0.76760495,0.8138348,0.9009712,0.87709713,0.86871815,0.8449186,0.8052826,0.715705,0.74669945,0.8443555,0.86501294,0.8526623,0.8481762,0.87002546,0.8646561,0.59721756,0.66207373,0.8347995,0.792373,0.85016966,0.8205118,0.6616308,0.81798637,0.9816159,0.98557186,1.0000002,0.9783492,0.8289437,0.752902,0.85414624,0.84579325,0.85024,0.8314853,0.82490504,0.83074415,0.85287046,0.8875804,0.7760844,0.78027666,0.75238144,0.7603878,0.87908083,0.8762075,0.8622101,0.8686745,0.87021774,0.8636671,0.86624277,0.8681673,0.8799581,0.81089354,0.8576372,0.8686843,0.85844195,0.8730564,0.8700183,0.8438057
EVT_0033,0.8625777,0.7940205,0.8106408,0.83640325,0.67528105,0.89118946,0.7324475,0.7824156,0.8942268,0.85034406,0.857955,0.8417098,0.7865262,0.69478214,0.7265775,0.8409999,0.84624857,0.83128023,0.8410363,0.85738456,0.8449024,0.6033379,0.6690345,0.822013,0.77715766,0.83761823,0.8197416,0.67742413,0.8124723,0.98950636,0.968451,0.9783492,1.0,0.81650245,0.7323425,0.8274765,0.8135921,0.8377718,0.8197595,0.8220233,0.8184454,0.84380394,0.87239856,0.77207494,0.7705277,0.7460191,0.74991626,0.8586919,0.8654394,0.85915023,0.86635363,0.8638586,0.8601156,0.86229944,0.8631231,0.87313783,0.79451585,0.8412545,0.8640547,0.83960867,0.86896455,0.8660996,0.8409684
EVT_0034,0.79393786,0.8060181,0.7835712,0.7786864,0.7613293,0.8375009,0.80870354,0.8513229,0.8296187,0.84647787,0.81939423,0.8629801,0.8519025,0.7685615,0.79950565,0.86211205,0.8330047,0.84895253,0.8432498,0.8382112,0.8463032,0.63726366,0.713768,0.85856605,0.8356494,0.86408305,0.9178482,0.744401,0.83384347,0.8267675,0.8090489,0.8289437,0.81650245,1.0000001,0.7643118,0.839965,0.80783814,0.8622546,0.8592017,0.8557489,0.8465021,0.8669777,0.86317897,0.813771,0.84405303,0.81215703,0.79487455,0.8723273,0.84631157,0.84156615,0.8422088,0.8415679,0.83911145,0.83618283,0.88609606,0.86288786,0.84813917,0.88203025,0.8481755,0.85560226,0.8514402,0.8390882,0.8358205
EVT_0035,0.7010241,0.8149712,0.7840495,0.77361274,0.74707395,0.7747673,0.81640446,0.7911878,0.7458029,0.8569858,0.7186175,0.7577703,0.85633576,0.8744264,0.869715,0.7260111,0.7866336,0.76239276,0.71757674,0.73751664,0.77797365,0.5992352,0.6586573,0.84577847,0.8027381,0.7981434,0.72670853,0.66946214,0.6637931,0.73211145,0.7427902,0.752902,0.7323425,0.7643118,0.99999994,0.83891755,0.87606335,0.7914897,0.7821576,0.75415546,0.7692081,0.79457605,0.8110622,0.7317717,0.76377195,0.71810466,0.7440364,0.7755761,0.7287578,0.7138671,0.7104453,0.7394922,0.71174055,0.71399945,0.80875874,0.7682334,0.84665835,0.83029056,0.7212323,0.80823284,0.7340739,0.7345437,0.71468765
EVT_0036,0.85162807,0.8752259,0.857135,0.8752574,0.73610747,0.8742809,0.833205,0.8491758,0.8642849,0.9004592,0.8759984,0.84069526,0.870575,0.7944586,0.82014906,0.8247416,0.8437588,0.82929087,0.81843394,0.839989,0.8461156,0.6308146,0.68192995,0.87187564,0.8393885,0.86095554,0.8043849,0.68759656,0.7960911,0.8337338,0.8449795,0.85414624,0.8274765,0.839965,0.83891755,1.0000002,0.9330529,0.87277937,0.8706994,0.84411967,0.85714495,0.8727937,0.9232433,0.78682065,0.810645,0.77244055,0.7803949,0.8691977,0.84586334,0.8355632,0.83544326,0.85144776,0.83632886,0.83962095,0.87316704,0.861364,0.8638129,0.88590395,0.84079456,0.873907,0.84525275,0.8380804,0.8141824
EVT_0037,0.8245927,0.8848097,0.85756296,0.86603594,0.73406774,0.88333356,0.85788393,0.84978044,0.841292,0.93475056,0.8471973,0.836404,0.8657675,0.8210826,0.8343364,0.81888604,0.8729641,0.85020304,0.813896,0.8463863,0.8718147,0.602786,0.67505527,0.86829287,0.8485018,0.8582754,0.7860148,0.6827619,0.75151825,0.8241147,0.8433849,0.84579325,0.8135921,0.80783814,0.87606335,0.9330529,1.0000002,0.85653055,0.84137976,0.81609344,0.8285178,0.8614466,0.90117645,0.8002479,0.82883275,0.7931405,0.82157314,0.87152964,0.82406646,0.80474603,0.8053326,0.8194242,0.80369234,0.80666006,0.8411982,0.8411217,0.84711516,0.87519914,0.8163487,0.863199,0.81848085,0.8236651,0.80293983
EVT_0038,0.8226102,0.8362626,0.8436475,0.8664006,0.6863216,0.85419226,0.76545,0.794042,0.8303501,0.86189836,0.85929585,0.9071523,0.8505416,0.77538204,0.7938667,0.90119207,0.87795866,0.8757338,0.89116,0.89191,0.891716,0.57663554,0.6806731,0.90999293,0.84928864,0.93216455,0.8466802,0.66683185,0.7845068,0.84603584,0.8361386,0.85024,0.8377718,0.8622546,0.7914897,0.87277937,0.85653055,1.0000001,0.9846308,0.97670865,0.9658078,0.9636966,0.8927872,0.852942,0.8493376,0.82358694,0.80654895,0.9356977,0.9236438,0.9070325,0.9039609,0.9162599,0.89985293,0.9015666,0.91787815,0.9152469,0.8488277,0.9114497,0.91504204,0.8881696,0.91346765,0.9263999,0.92328036
EVT_0039,0.82110715,0.8159778,0.82585526,0.85371596,0.67008704,0.8412531,0.74009967,0.7661202,0.8289747,0.8441635,0.86763036,0.90550166,0.8397318,0.7652922,0.7807684,0.8997505,0.85953724,0.8666462,0.8904629,0.8875345,0.878543,0.572685,0.66904426,0.8956461,0.8248292,0.92316693,0.8478743,0.6550859,0.79401255,0.8267251,0.81402814,0.8314853,0.8197595,0.8592017,0.7821576,0.8706994,0.84137976,0.9846308,1.0,0.98548657,0.9759132,0.9583812,0.8881913,0.8487494,0.841331,0.82351243,0.7931657,0.9256048,0.9225174,0.91179085,0.9083042,0.9164052,0.90445626,0.9063803,0.91737866,0.9126079,0.8357129,0.8991312,0.9178945,0.87167466,0.91533554,0.91837513,0.9122586
EVT_0040,0.8125084,0.78275645,0.7972487,0.83015025,0.66390276,0.83617556,0.7094877,0.7435164,0.8260249,0.8301666,0.869615,0.9137616,0.81556904,0.72674084,0.7476357,0.912962,0.84463596,0.85721004,0.9024836,0.8887579,0.87262535,0.55741554,0.6670147,0.88118017,0.8029073,0.92549926,0.8624981,0.66924703,0.8008475,0.8286592,0.80132115,0.82490504,0.8220233,0.8557489,0.75415546,0.84411967,0.81609344,0.97670865,0.98548657,0.9999998,0.96918476,0.9559401,0.8740491,0.84156644,0.824597,0.8151352,0.7820476,0.91737306,0.9233359,0.91563296,0.9119905,0.9099151,0.9070166,0.90798616,0.91450286,0.91445893,0.80854297,0.8802202,0.92397916,0.85152465,0.92110354,0.9272393,0.92280746
EVT_0041,0.8195466,0.79381025,0.81434333,0.83713424,0.6661355,0.8324605,0.7295054,0.7630096,0.82878405,0.8413019,0.86306137,0.8845019,0.8146939,0.73702407,0.7578058,0.88158286,0.845178,0.83900404,0.8694037,0.8726499,0.8573923,0.57024336,0.670442,0.8778937,0.8161651,0.9043654,0.8469604,0.66766244,0.79773724,0.8279767,0.81413007,0.83074415,0.8184454,0.8465021,0.7692081,0.85714495,0.8285178,0.9658078,0.9759132,0.96918476,0.9999999,0.94426334,0.87979776,0.85169274,0.8378084,0.82778573,0.7892021,0.9115139,0.9159868,0.90809506,0.9061769,0.9132032,0.90251714,0.902877,0.9113976,0.91024446,0.82653666,0.8873135,0.9144738,0.86703223,0.917413,0.90801203,0.91050774
EVT_0042,0.8177837,0.8528503,0.8521076,0.870796,0.7091294,0.8536151,0.7909554,0.8109157,0.82743704,0.8873654,0.8541976,0.9087671,0.8684516,0.7894746,0.8098191,0.89324754,0.89432275,0.8834506,0.8865999,0.88963914,0.8961108,0.5809361,0.6896696,0.9295772,0.8780909,0.9442738,0.84612775,0.6798104,0.77358186,0.854676,0.84011185,0.85287046,0.84380394,0.8669777,0.79457605,0.8727937,0.8614466,0.9636966,0.9583812,0.9559401,0.94426334,1.0000001,0.8917041,0.8418145,0.85452116,0.81878483,0.80574733,0.9423256,0.91749454,0.8980248,0.89805925,0.90178156,0.89304763,0.8956046,0.91660464,0.9177643,0.855119,0.9167383,0.9077388,0.8995373,0.90874714,0.9284935,0.9085262
EVT_0043,0.8616904,0.84482396,0.85114187,0.8596976,0.7492739,0.8995538,0.8082619,0.8432573,0.8870687,0.90701616,0.90928674,0.8686713,0.85897094,0.7834617,0.8133125,0.8757373,0.87526065,0.8550099,0.8666545,0.88077766,0.8788288,0.6670401,0.7232475,0.8712958,0.8457967,0.88379115,0.8481863,0.7202158,0.8148825,0.8775571,0.8800969,0.8875804,0.87239856,0.86317897,0.8110622,0.9232433,0.90117645,0.8927872,0.8881913,0.8740491,0.87979776,0.8917041,1.0000004,0.86556256,0.86177194,0.8415591,0.8420596,0.8874336,0.8871976,0.875201,0.87419045,0.8785094,0.8715855,0.87446046,0.8977591,0.8840668,0.8597442,0.89570856,0.8768554,0.8818195,0.87387097,0.87454903,0.8778664
EVT_0044,0.78095555,0.7376448,0.7442968,0.7544906,0.683948,0.8089098,0.72051525,0.7608692,0.8015773,0.80120826,0.8138602,0.84711796,0.7958095,0.72026396,0.74004996,0.8516731,0.8252013,0.8233976,0.84519637,0.8497831,0.8422693,0.5866433,0.6921208,0.83813226,0.8076185,0.8562604,0.80008817,0.68779385,0.75030863,0.7773177,0.7677205,0.7760844,0.77207494,0.813771,0.7317717,0.78682065,0.8002479,0.852942,0.8487494,0.84156644,0.85169274,0.8418145,0.86556256,0.9999999,0.9688474,0.97737193,0.9392301,0.8591138,0.8593266,0.8538485,0.84938407,0.8467623,0.84857607,0.84650356,0.85909975,0.84784573,0.7964474,0.8513925,0.8486128,0.8172791,0.8446037,0.8575771,0.86709285
EVT_0045,0.7687831,0.7992765,0.7812195,0.7752807,0.72120726,0.8051667,0.8067417,0.8252298,0.7927326,0.8369274,0.7997451,0.8487209,0.8538159,0.7830009,0.8094001,0.8474335,0.8670573,0.85495985,0.84467435,0.8535237,0.8694949,0.60105485,0.7039177,0.8804839,0.8646168,0.8750793,0.79090524,0.70784956,0.73119295,0.7781054,0.7776035,0.78027666,0.7705277,0.84405303,0.76377195,0.810645,0.82883275,0.8493376,0.841331,0.824597,0.8378084,0.85452116,0.86177194,0.9688474,0.99999976,0.9669813,0.9479759,0.88333035,0.85676944,0.84791833,0.84437376,0.847736,0.84430254,0.84205925,0.87645483,0.8632859,0.8479843,0.8965816,0.84715354,0.86311954,0.8463899,0.8646033,0.86378795
EVT_0046,0.75618994,0.7356266,0.73592484,0.74452066,0.6740057,0.78984094,0.72269744,0.7537668,0.7845459,0.79562306,0.79595375,0.82861894,0.7941583,0.7165588,0.74362683,0.8317957,0.81173253,0.8111731,0.8253563,0.8328046,0.8273256,0.5626491,0.67330116,0.82640684,0.7981271,0.83882177,0.7862556,0.68215513,0.72823465,0.753717,0.74650204,0.75238144,0.7460191,0.81215703,0.71810466,0.77244055,0.7931405,0.82358694,0.82351243,0.8151352,0.82778573,0.81878483,0.8415591,0.97737193,0.9669813,0.99999976,0.9508991,0.84563094,0.8342135,0.8224801,0.8209045,0.81525064,0.8182727,0.8149061,0.84234643,0.83223784,0.78991044,0.8413536,0.8252907,0.8022076,0.82174677,0.83448803,0.83438873
EVT_0047,0.7452587,0.77641946,0.7742759,0.7631109,0.68971467,0.7949333,0.76207435,0.79441035,0.7752303,0.8127018,0.77141285,0.809771,0.8141662,0.73722804,0.7623985,0.8018636,0.81999516,0.8177542,0.7963346,0.8154923,0.8284887,0.57786715,0.6658142,0.81740314,0.81591576,0.8168471,0.7543408,0.6725522,0.6882342,0.75716376,0.7601907,0.7603878,0.74991626,0.79487455,0.7440364,0.7803949,0.82157314,0.80654895,0.7931657,0.7820476,0.7892021,0.80574733,0.8420596,0.9392301,0.9479759,0.9508991,0.99999994,0.83241665,0.80122805,0.7910187,0.7913896,0.7879105,0.7892582,0.78728724,0.8190956,0.8138977,0.80592155,0.8404938,0.7960665,0.8209412,0.7946528,0.81014204,0.80486614
EVT_0048,0.84780747,0.87847805,0.88460124,0.88900083,0.69947433,0.8681269,0.8215867,0.84891295,0.846094,0.9009817,0.871698,0.92393816,0.89107347,0.8019953,0.830534,0.91839945,0.93626523,0.9330516,0.91465086,0.9269172,0.93864536,0.58191115,0.6852741,0.9359325,0.89315057,0.94254804,0.84303725,0.69244456,0.7877928,0.86989594,0.8677281,0.87908083,0.8586919,0.8723273,0.7755761,0.8691977,0.87152964,0.9356977,0.9256048,0.91737306,0.9115139,0.9423256,0.8874336,0.8591138,0.88333035,0.84563094,0.83241665,1.0000002,0.97101474,0.937227,0.93940187,0.9467244,0.9349414,0.9351407,0.95026755,0.96113527,0.89183134,0.9592852,0.9511752,0.9474931,0.95245796,0.9674254,0.93508375
EVT_0049,0.87733704,0.8082193,0.8306825,0.8531383,0.67471516,0.8767569,0.7424551,0.78553545,0.8696728,0.85351413,0.8979498,0.9199117,0.8331884,0.7386329,0.76132154,0.9329088,0.89914477,0.90363157,0.93193567,0.9344943,0.9212968,0.59031814,0.6896611,0.8898764,0.82574344,0.9185454,0.8488944,0.68937933,0.83235526,0.869957,0.8630661,0.8762075,0.8654394,0.84631157,0.7287578,0.84586334,0.82406646,0.9236438,0.9225174,0.9233359,0.9159868,0.91749454,0.8871976,0.8593266,0.85676944,0.8342135,0.80122805,0.97101474,0.99999976,0.9630407,0.9637337,0.96447074,0.9605551,0.96025586,0.9506497,0.9660347,0.8434744,0.92557716,0.9745418,0.91085815,0.97184014,0.9666079,0.9498069
EVT_0050,0.8723074,0.7853291,0.79444265,0.81583214,0.6556021,0.8725944,0.7341764,0.77672327,0.8822392,0.83814347,0.8992553,0.90314937,0.8086226,0.7034184,0.73051083,0.91307384,0.85743034,0.87155586,0.9081979,0.90530044,0.8847845,0.5726667,0.66754806,0.87203526,0.8019249,0.9066789,0.83901775,0.677989,0.83797437,0.8607076,0.8401748,0.8622101,0.85915023,0.84156615,0.7138671,0.8355632,0.80474603,0.9070325,0.91179085,0.91563296,0.90809506,0.8980248,0.875201,0.8538485,0.84791833,0.8224801,0.7910187,0.937227,0.9630407,0.9999999,0.9973206,0.98675144,0.9981246,0.9980123,0.9539299,0.9709097,0.8273157,0.9134828,0.9864048,0.8972465,0.98216,0.95981723,0.94721496
EVT_0051,0.8799374,0.78994304,0.7989118,0.81983995,0.6508571,0.87601864,0.73451126,0.7782055,0.8870357,0.83987284,0.90090394,0.90736735,0.8112098,0.7020354,0.730853,0.9151659,0.8610677,0.87753856,0.91049635,0.9094759,0.8879832,0.567857,0.6618426,0.8731035,0.80145526,0.9064913,0.8375167,0.6715437,0.8367171,0.8693305,0.8474651,0.8686745,0.86635363,0.8422088,0.7104453,0.83544326,0.8053326,0.9039609,0.9083042,0.9119905,0.9061769,0.89805925,0.87419045,0.84938407,0.84437376,0.8209045,0.7913896,0.93940187,0.9637337,0.9973206,1.0,0.98676234,0.9978831,0.997572,0.95511615,0.9725703,0.8295793,0.91442394,0.98780143,0.8999666,0.98409975,0.96088076,0.94532657
EVT_0052,0.8763236,0.8072385,0.818214,0.8384454,0.6631839,0.873664,0.7494328,0.7878315,0.87969375,0.84853256,0.8911098,0.9033607,0.8264463,0.72800934,0.7531322,0.90723073,0.870501,0.877592,0.9000995,0.90816414,0.89094746,0.57472605,0.6716582,0.88776433,0.8206688,0.9084791,0.8277763,0.6763587,0.8289434,0.8674889,0.8523556,0.87021774,0.8638586,0.8415679,0.7394922,0.85144776,0.8194242,0.9162599,0.9164052,0.9099151,0.9132032,0.90178156,0.8785094,0.8467623,0.847736,0.81525064,0.7879105,0.9467244,0.96447074,0.98675144,0.98676234,1.0000004,0.98679066,0.9867298,0.958414,0.96786547,0.84917724,0.92535114,0.9793061,0.91376895,0.97802556,0.9590461,0.9446188
EVT_0053,0.87769985,0.788101,0.7954808,0.81603634,0.6535224,0.8737018,0.73490024,0.7784101,0.8844148,0.8365487,0.8960535,0.89646405,0.8071012,0.6986718,0.7271632,0.9041115,0.8519171,0.86718166,0.89914966,0.89851034,0.8781697,0.5707948,0.6613165,0.86870587,0.7980001,0.90027404,0.8297338,0.6698304,0.8361066,0.8619655,0.84245336,0.8636671,0.8601156,0.83911145,0.71174055,0.83632886,0.80369234,0.89985293,0.90445626,0.9070166,0.90251714,0.89304763,0.8715855,0.84857607,0.84430254,0.8182727,0.7892582,0.9349414,0.9605551,0.9981246,0.9978831,0.98679066,0.9999999,0.9992604,0.9531561,0.97099644,0.82990104,0.91318524,0.9859502,0.8986369,0.9818659,0.95502806,0.94136685
EVT_0054,0.88195187,0.79153895,0.7985975,0.819569,0.6503534,0.8763126,0.7367934,0.7785866,0.88628435,0.839996,0.9001554,0.8972602,0.8085948,0.69878626,0.7278462,0.9045048,0.85449153,0.86939096,0.9003025,0.8999597,0.88036764,0.56593,0.6572529,0.8696829,0.79782224,0.9018284,0.82678735,0.6655205,0.83501804,0.8642243,0.84605044,0.86624277,0.86229944,0.83618283,0.71399945,0.83962095,0.80666006,0.9015666,0.9063803,0.90798616,0.902877,0.8956046,0.87446046,0.84650356,0.84205925,0.8149061,0.78728724,0.9351407,0.96025586,0.9980123,0.997572,0.9867298,0.9992604,0.99999994,0.95174825,0.97001654,0.8284952,0.91282696,0.9854694,0.89835644,0.98110193,0.95549715,0.9399541
EVT_0055,0.84467435,0.8370223,0.84063995,0.84462726,0.73624086,0.863992,0.7947846,0.82488096,0.86739254,0.87486106,0.87561786,0.91942143,0.8961377,0.8184936,0.84385175,0.91979295,0.89818543,0.90425825,0.9130889,0.91594714,0.9112506,0.6331933,0.7114525,0.93520284,0.8740713,0.9360051,0.85910434,0.729301,0.8219688,0.8679225,0.8461544,0.8681673,0.8631231,0.88609606,0.80875874,0.87316704,0.8411982,0.91787815,0.91737866,0.91450286,0.9113976,0.91660464,0.8977591,0.85909975,0.87645483,0.84234643,0.8190956,0.95026755,0.9506497,0.9539299,0.95511615,0.958414,0.9531561,0.95174825,1.0000002,0.97592986,0.91179776,0.96403265,0.9650283,0.94017917,0.96834505,0.9576155,0.9358794
EVT_0056,0.85881877,0.8375922,0.8465171,0.85656923,0.70121944,0.8767725,0.7882682,0.82220113,0.87741494,0.87631917,0.8841453,0.9198733,0.86686563,0.77638185,0.80648416,0.9210423,0.90110314,0.9011161,0.91484725,0.92071164,0.9150642,0.59050983,0.6850511,0.9188713,0.85752213,0.92758644,0.8508367,0.7117802,0.82140136,0.8758807,0.86074996,0.8799581,0.87313783,0.86288786,0.7682334,0.861364,0.8411217,0.9152469,0.9126079,0.91445893,0.91024446,0.9177643,0.8840668,0.84784573,0.8632859,0.83223784,0.8138977,0.96113527,0.9660347,0.9709097,0.9725703,0.96786547,0.97099644,0.97001654,0.97592986,1.0000002,0.88664734,0.95422447,0.98547685,0.9448673,0.9864944,0.9662287,0.9418642
EVT_0057,0.7531924,0.8841161,0.8732879,0.8283696,0.78199625,0.80023676,0.87361807,0.88137746,0.7773111,0.8722187,0.7658485,0.8348205,0.95325506,0.90144706,0.93563616,0.8158394,0.89016294,0.873585,0.8024158,0.82637477,0.868711,0.6502681,0.69879425,0.9229778,0.9273555,0.8710058,0.77820927,0.70423436,0.7045096,0.79800254,0.8077854,0.81089354,0.79451585,0.84813917,0.84665835,0.8638129,0.84711516,0.8488277,0.8357129,0.80854297,0.82653666,0.855119,0.8597442,0.7964474,0.8479843,0.78991044,0.80592155,0.89183134,0.8434744,0.8273157,0.8295793,0.84917724,0.82990104,0.8284952,0.91179776,0.88664734,1.0,0.9566612,0.8407336,0.94897664,0.8522597,0.8509235,0.82650614
EVT_0058,0.821062,0.90181583,0.88947344,0.87074435,0.76412404,0.8496469,0.872242,0.8839613,0.8289113,0.9049822,0.83839655,0.89885056,0.94320273,0.8754405,0.9001914,0.8909708,0.9331313,0.92272687,0.88570535,0.90001667,0.9265381,0.6318966,0.7073996,0.9599329,0.9247923,0.93267775,0.8210605,0.71712685,0.7652467,0.8457782,0.84930265,0.8576372,0.8412545,0.88203025,0.83029056,0.88590395,0.87519914,0.9114497,0.8991312,0.8802202,0.8873135,0.9167383,0.89570856,0.8513925,0.8965816,0.8413536,0.8404938,0.9592852,0.92557716,0.9134828,0.91442394,0.92535114,0.91318524,0.91282696,0.96403265,0.95422447,0.9566612,0.99999964,0.9248035,0.9757394,0.9280778,0.93848157,0.90867054
EVT_0059,0.8740612,0.79895985,0.81431544,0.8372015,0.6619241,0.8804549,0.7367307,0.78073525,0.88284117,0.84714913,0.8976083,0.9195068,0.8232446,0.71665025,0.7466676,0.9293858,0.8749058,0.88814455,0.921384,0.9226813,0.9030206,0.57048357,0.66732407,0.88238937,0.8106282,0.91595435,0.84777576,0.6818594,0.84209347,0.8691877,0.8479589,0.8686843,0.8640547,0.8481755,0.7212323,0.84079456,0.8163487,0.91504204,0.9178945,0.92397916,0.9144738,0.9077388,0.8768554,0.8486128,0.84715354,0.8252907,0.7960665,0.9511752,0.9745418,0.9864048,0.98780143,0.9793061,0.9859502,0.9854694,0.9650283,0.98547685,0.8407336,0.9248035,0.9999997,0.9098968,0.9953232,0.9686422,0.9551158
EVT_0060,0.8143269,0.9022713,0.8990327,0.86365104,0.7454242,0.84512585,0.8779712,0.89645934,0.82570076,0.9064752,0.8254665,0.8754542,0.930337,0.87288165,0.8972074,0.8647715,0.92993784,0.912442,0.85514665,0.8768675,0.91144466,0.6336303,0.6937838,0.9355357,0.92528224,0.9014251,0.8086639,0.7027589,0.75037336,0.8468267,0.85446346,0.85844195,0.83960867,0.85560226,0.80823284,0.873907,0.863199,0.8881696,0.87167466,0.85152465,0.86703223,0.8995373,0.8818195,0.8172791,0.86311954,0.8022076,0.8209412,0.9474931,0.91085815,0.8972465,0.8999666,0.91376895,0.8986369,0.89835644,0.94017917,0.9448673,0.94897664,0.9757394,0.9098968,0.99999994,0.9160503,0.91705406,0.8907932
EVT_0061,0.8699319,0.802446,0.81880575,0.8395003,0.676661,0.8788359,0.7427664,0.78571534,0.88190156,0.8509513,0.89207196,0.921248,0.8307747,0.72620535,0.75799346,0.92584044,0.877355,0.8887078,0.9183415,0.9217178,0.9033351,0.5765004,0.67665124,0.88797486,0.820603,0.91656446,0.85286415,0.69598293,0.84429115,0.8741547,0.8509915,0.8730564,0.86896455,0.8514402,0.7340739,0.84525275,0.81848085,0.91346765,0.91533554,0.92110354,0.917413,0.90874714,0.87387097,0.8446037,0.8463899,0.82174677,0.7946528,0.95245796,0.97184014,0.98216,0.98409975,0.97802556,0.9818659,0.98110193,0.96834505,0.9864944,0.8522597,0.9280778,0.9953232,0.9160503,1.0000001,0.9681462,0.9491353
EVT_0062,0.84486955,0.82466865,0.837239,0.8556843,0.67366844,0.8622049,0.76070523,0.7934603,0.849992,0.8638611,0.8797873,0.9296648,0.8529482,0.75095785,0.7777238,0.932607,0.9105946,0.9141928,0.9297662,0.93432486,0.92444533,0.57474136,0.68142736,0.9183471,0.85162616,0.9400276,0.83488834,0.6942884,0.7931894,0.8728673,0.8545321,0.8700183,0.8660996,0.8390882,0.7345437,0.8380804,0.8236651,0.9263999,0.91837513,0.9272393,0.90801203,0.9284935,0.87454903,0.8575771,0.8646033,0.83448803,0.81014204,0.9674254,0.9666079,0.95981723,0.96088076,0.9590461,0.95502806,0.95549715,0.9576155,0.9662287,0.8509235,0.93848157,0.9686422,0.91705406,0.9681462,1.0000001,0.9521523
EVT_0063,0.8217751,0.7949632,0.81239665,0.82721555,0.68652326,0.8511952,0.737645,0.77869815,0.84435344,0.83781713,0.8652521,0.9200743,0.82417977,0.7320968,0.75368273,0.93640035,0.8857651,0.8868892,0.92685187,0.9190595,0.91047466,0.5965305,0.70821416,0.88211226,0.8309293,0.9230989,0.8408048,0.70824283,0.79393035,0.8487716,0.8217485,0.8438057,0.8409684,0.8358205,0.71468765,0.8141824,0.80293983,0.92328036,0.9122586,0.92280746,0.91050774,0.9085262,0.8778664,0.86709285,0.86378795,0.83438873,0.80486614,0.93508375,0.9498069,0.94721496,0.94532657,0.9446188,0.94136685,0.9399541,0.9358794,0.9418642,0.82650614,0.90867054,0.9551158,0.8907932,0.9491353,0.9521523,1.0
