event_id,label,timestamp,date,time,hour,time_period
EVT_0001,leopard_cat,2017-10-19 04:00:20,2017-10-19,04:00:20,4,00:00-05:59
EVT_0002,leopard_cat,2017-10-27 19:40:20,2017-10-27,19:40:20,19,18:00-23:59
EVT_0003,leopard_cat,2017-10-27 19:40:22,2017-10-27,19:40:22,19,18:00-23:59
EVT_0004,leopard_cat,2017-10-27 19:40:34,2017-10-27,19:40:34,19,18:00-23:59
EVT_0005,leopard_cat,2017-11-06 16:42:29,2017-11-06,16:42:29,16,12:00-17:59
EVT_0006,leopard_cat,2017-11-07 03:12:42,2017-11-07,03:12:42,3,00:00-05:59
EVT_0007,leopard_cat,2017-11-07 03:12:59,2017-11-07,03:12:59,3,00:00-05:59
EVT_0008,leopard_cat,2017-11-07 03:13:09,2017-11-07,03:13:09,3,00:00-05:59
EVT_0009,leopard_cat,2017-11-07 03:13:19,2017-11-07,03:13:19,3,00:00-05:59
EVT_0010,leopard_cat,2017-11-20 18:55:39,2017-11-20,18:55:39,18,18:00-23:59
EVT_0011,leopard_cat,2017-11-20 18:55:43,2017-11-20,18:55:43,18,18:00-23:59
EVT_0012,leopard_cat,2017-12-08 00:33:15,2017-12-08,00:33:15,0,00:00-05:59
EVT_0013,leopard_cat,2017-12-08 00:33:18,2017-12-08,00:33:18,0,00:00-05:59
EVT_0014,leopard_cat,2017-12-08 00:33:21,2017-12-08,00:33:21,0,00:00-05:59
EVT_0015,leopard_cat,2017-12-08 00:33:25,2017-12-08,00:33:25,0,00:00-05:59
EVT_0016,leopard_cat,2017-12-08 00:33:29,2017-12-08,00:33:29,0,00:00-05:59
EVT_0017,leopard_cat,2017-12-08 04:01:15,2017-12-08,04:01:15,4,00:00-05:59
EVT_0018,leopard_cat,2017-12-08 04:01:19,2017-12-08,04:01:19,4,00:00-05:59
EVT_0019,leopard_cat,2017-12-08 04:01:36,2017-12-08,04:01:36,4,00:00-05:59
EVT_0020,leopard_cat,2017-12-08 04:24:20,2017-12-08,04:24:20,4,00:00-05:59
EVT_0021,leopard_cat,2017-12-08 04:24:26,2017-12-08,04:24:26,4,00:00-05:59
EVT_0022,leopard_cat,2017-12-09 07:18:52,2017-12-09,07:18:52,7,06:00-11:59
EVT_0023,leopard_cat,2017-12-09 07:18:56,2017-12-09,07:18:56,7,06:00-11:59
EVT_0024,leopard_cat,2017-12-17 18:41:50,2017-12-17,18:41:50,18,18:00-23:59
EVT_0025,leopard_cat,2017-12-17 18:42:29,2017-12-17,18:42:29,18,18:00-23:59
EVT_0026,leopard_cat,2017-12-17 18:42:37,2017-12-17,18:42:37,18,18:00-23:59
EVT_0027,leopard_cat,2017-12-18 06:32:24,2017-12-18,06:32:24,6,06:00-11:59
EVT_0028,leopard_cat,2017-12-19 07:35:16,2017-12-19,07:35:16,7,06:00-11:59
EVT_0029,leopard_cat,2017-12-23 06:01:41,2017-12-23,06:01:41,6,06:00-11:59
EVT_0030,leopard_cat,2017-12-24 03:46:53,2017-12-24,03:46:53,3,00:00-05:59
EVT_0031,leopard_cat,2017-12-24 03:47:02,2017-12-24,03:47:02,3,00:00-05:59
EVT_0032,leopard_cat,2017-12-24 03:47:06,2017-12-24,03:47:06,3,00:00-05:59
EVT_0033,leopard_cat,2017-12-24 03:47:11,2017-12-24,03:47:11,3,00:00-05:59
EVT_0034,leopard_cat,2017-12-27 06:40:55,2017-12-27,06:40:55,6,06:00-11:59
EVT_0035,leopard_cat,2017-12-30 22:28:41,2017-12-30,22:28:41,22,18:00-23:59
EVT_0036,leopard_cat,2018-01-02 00:18:50,2018-01-02,00:18:50,0,00:00-05:59
EVT_0037,leopard_cat,2018-01-02 00:18:56,2018-01-02,00:18:56,0,00:00-05:59
EVT_0038,leopard_cat,2018-01-02 03:14:14,2018-01-02,03:14:14,3,00:00-05:59
EVT_0039,leopard_cat,2018-01-02 03:14:47,2018-01-02,03:14:47,3,00:00-05:59
EVT_0040,leopard_cat,2018-01-02 03:14:54,2018-01-02,03:14:54,3,00:00-05:59
EVT_0041,leopard_cat,2018-01-02 03:14:59,2018-01-02,03:14:59,3,00:00-05:59
EVT_0042,leopard_cat,2018-01-03 03:45:28,2018-01-03,03:45:28,3,00:00-05:59
EVT_0043,leopard_cat,2018-01-05 18:22:13,2018-01-05,18:22:13,18,18:00-23:59
EVT_0044,leopard_cat,2018-01-09 21:34:19,2018-01-09,21:34:19,21,18:00-23:59
EVT_0045,leopard_cat,2018-01-09 21:34:25,2018-01-09,21:34:25,21,18:00-23:59
EVT_0046,leopard_cat,2018-01-09 21:34:28,2018-01-09,21:34:28,21,18:00-23:59
EVT_0047,leopard_cat,2018-01-11 00:15:50,2018-01-11,00:15:50,0,00:00-05:59
EVT_0048,leopard_cat,2018-01-18 04:29:37,2018-01-18,04:29:37,4,00:00-05:59
EVT_0049,leopard_cat,2018-01-18 04:29:43,2018-01-18,04:29:43,4,00:00-05:59
EVT_0050,leopard_cat,2018-01-18 18:58:16,2018-01-18,18:58:16,18,18:00-23:59
EVT_0051,leopard_cat,2018-01-18 18:59:07,2018-01-18,18:59:07,18,18:00-23:59
EVT_0052,leopard_cat,2018-01-18 18:59:12,2018-01-18,18:59:12,18,18:00-23:59
EVT_0053,leopard_cat,2018-01-18 18:59:22,2018-01-18,18:59:22,18,18:00-23:59
EVT_0054,leopard_cat,2018-01-18 18:59:26,2018-01-18,18:59:26,18,18:00-23:59
EVT_0055,leopard_cat,2018-01-19 00:31:04,2018-01-19,00:31:04,0,00:00-05:59
EVT_0056,leopard_cat,2018-01-19 00:31:07,2018-01-19,00:31:07,0,00:00-05:59
EVT_0057,leopard_cat,2018-01-19 00:32:18,2018-01-19,00:32:18,0,00:00-05:59
EVT_0058,leopard_cat,2018-01-19 00:32:23,2018-01-19,00:32:23,0,00:00-05:59
EVT_0059,leopard_cat,2018-01-19 00:32:27,2018-01-19,00:32:27,0,00:00-05:59
EVT_0060,leopard_cat,2018-01-19 00:35:21,2018-01-19,00:35:21,0,00:00-05:59
EVT_0061,leopard_cat,2018-01-19 00:35:28,2018-01-19,00:35:28,0,00:00-05:59
EVT_0062,leopard_cat,2018-01-19 18:52:50,2018-01-19,18:52:50,18,18:00-23:59
EVT_0063,leopard_cat,2018-01-26 20:45:54,2018-01-26,20:45:54,20,18:00-23:59
