event_id,label,timestamp,foto_1,arah_1,foto_2,arah_2,foto_3,arah_3,candidate_individual,reid_status
EVT_0001,leopard_cat,2017-10-19 04:00:20,IMG_0034.JPG,kanan,IMG_0035.JPG,kanan,IMG_0036.JPG,kanan,UNASSIGNED,NO_CONFIRMED_CANDIDATE
EVT_0002,leopard_cat,2017-10-27 19:40:20,IMG_0055.JPG,kiri,IMG_0056.JPG,kiri,IMG_0057.JPG,kiri,IND_CAND_01,GROUPED_CANDIDATE
EVT_0003,leopard_cat,2017-10-27 19:40:22,IMG_0058.JPG,kiri,IMG_0059.JPG,kiri,IMG_0060.JPG,kiri,UNASSIGNED,NO_CONFIRMED_CANDIDATE
EVT_0004,leopard_cat,2017-10-27 19:40:34,IMG_0061.JPG,kiri,IMG_0062.JPG,kiri,IMG_0063.JPG,kiri,UNASSIGNED,NO_CONFIRMED_CANDIDATE
EVT_0005,leopard_cat,2017-11-06 16:42:29,IMG_0241.JPG,belakang,IMG_0242.JPG,belakang,IMG_0243.JPG,belakang,UNASSIGNED,NO_CONFIRMED_CANDIDATE
EVT_0006,leopard_cat,2017-11-07 03:12:42,IMG_0265.JPG,kiri,IMG_0266.JPG,kiri,IMG_0267.JPG,kiri,UNASSIGNED,NO_CONFIRMED_CANDIDATE
EVT_0007,leopard_cat,2017-11-07 03:12:59,IMG_0268.JPG,kiri,IMG_0269.JPG,kiri,IMG_0270.JPG,kiri,UNASSIGNED,NO_CONFIRMED_CANDIDATE
EVT_0008,leopard_cat,2017-11-07 03:13:09,IMG_0271.JPG,kiri,IMG_0272.JPG,kiri,IMG_0273.JPG,kiri,UNASSIGNED,NO_CONFIRMED_CANDIDATE
EVT_0009,leopard_cat,2017-11-07 03:13:19,IMG_0274.JPG,kiri,IMG_0275.JPG,kiri,IMG_0276.JPG,kiri,UNASSIGNED,NO_CONFIRMED_CANDIDATE
EVT_0010,leopard_cat,2017-11-20 18:55:39,IMG_0028.JPG,kiri,IMG_0029.JPG,kiri,IMG_0030.JPG,kiri,UNASSIGNED,NO_CONFIRMED_CANDIDATE
EVT_0011,leopard_cat,2017-11-20 18:55:43,IMG_0031.JPG,kiri,IMG_0032.JPG,kiri,IMG_0033.JPG,null,UNASSIGNED,NO_CONFIRMED_CANDIDATE
EVT_0012,leopard_cat,2017-12-08 00:33:15,IMG_0040.JPG,kanan,IMG_0041.JPG,depan,IMG_0042.JPG,depan,UNASSIGNED,NO_CONFIRMED_CANDIDATE
EVT_0013,leopard_cat,2017-12-08 00:33:18,IMG_0043.JPG,kanan,IMG_0044.JPG,kanan,IMG_0045.JPG,depan,IND_CAND_01,GROUPED_CANDIDATE
EVT_0014,leopard_cat,2017-12-08 00:33:21,IMG_0046.JPG,depan,IMG_0047.JPG,depan,IMG_0048.JPG,depan,IND_CAND_01,GROUPED_CANDIDATE
EVT_0015,leopard_cat,2017-12-08 00:33:25,IMG_0049.JPG,depan,IMG_0050.JPG,depan,IMG_0051.JPG,kanan,IND_CAND_01,GROUPED_CANDIDATE
EVT_0016,leopard_cat,2017-12-08 00:33:29,IMG_0052.JPG,belakang,IMG_0053.JPG,belakang,IMG_0054.JPG,kanan,UNASSIGNED,NO_CONFIRMED_CANDIDATE
EVT_0017,leopard_cat,2017-12-08 04:01:15,IMG_0055.JPG,kiri,IMG_0056.JPG,kiri,IMG_0057.JPG,kiri,UNASSIGNED,NO_CONFIRMED_CANDIDATE
EVT_0018,leopard_cat,2017-12-08 04:01:19,IMG_0058.JPG,kiri,IMG_0059.JPG,kiri,IMG_0060.JPG,kiri,UNASSIGNED,NO_CONFIRMED_CANDIDATE
EVT_0019,leopard_cat,2017-12-08 04:01:36,IMG_0061.JPG,tidak_yakin,IMG_0062.JPG,kiri,IMG_0063.JPG,kiri,UNASSIGNED,NO_CONFIRMED_CANDIDATE
EVT_0020,leopard_cat,2017-12-08 04:24:20,IMG_0064.JPG,kanan,IMG_0065.JPG,kanan,IMG_0066.JPG,kanan,UNASSIGNED,NO_CONFIRMED_CANDIDATE
EVT_0021,leopard_cat,2017-12-08 04:24:26,IMG_0067.JPG,kanan,IMG_0068.JPG,kanan,IMG_0069.JPG,kanan,UNASSIGNED,NO_CONFIRMED_CANDIDATE
EVT_0022,leopard_cat,2017-12-09 07:18:52,IMG_0073.JPG,kanan,IMG_0074.JPG,kanan,IMG_0075.JPG,kanan,UNASSIGNED,NO_CONFIRMED_CANDIDATE
EVT_0023,leopard_cat,2017-12-09 07:18:56,IMG_0076.JPG,belakang,IMG_0077.JPG,belakang,IMG_0078.JPG,belakang,UNASSIGNED,NO_CONFIRMED_CANDIDATE
EVT_0024,leopard_cat,2017-12-17 18:41:50,IMG_0079.JPG,kiri,IMG_0080.JPG,kiri,IMG_0081.JPG,kiri,IND_CAND_01,GROUPED_CANDIDATE
EVT_0025,leopard_cat,2017-12-17 18:42:29,IMG_0082.JPG,kanan,IMG_0083.JPG,kanan,IMG_0084.JPG,kanan,IND_CAND_01,GROUPED_CANDIDATE
EVT_0026,leopard_cat,2017-12-17 18:42:37,IMG_0085.JPG,kanan,IMG_0086.JPG,kanan,IMG_0087.JPG,kanan,UNASSIGNED,NO_CONFIRMED_CANDIDATE
EVT_0027,leopard_cat,2017-12-18 06:32:24,IMG_0088.JPG,kanan,IMG_0089.JPG,kanan,IMG_0090.JPG,kanan,UNASSIGNED,NO_CONFIRMED_CANDIDATE
EVT_0028,leopard_cat,2017-12-19 07:35:16,IMG_0094.JPG,kiri,IMG_0095.JPG,kanan,IMG_0096.JPG,tidak_yakin,UNASSIGNED,NO_CONFIRMED_CANDIDATE
EVT_0029,leopard_cat,2017-12-23 06:01:41,IMG_0007.JPG,kiri,IMG_0008.JPG,kiri,IMG_0009.JPG,kiri,UNASSIGNED,NO_CONFIRMED_CANDIDATE
EVT_0030,leopard_cat,2017-12-24 03:46:53,IMG_0241.JPG,kanan,IMG_0242.JPG,kanan,IMG_0243.JPG,kanan,UNASSIGNED,NO_CONFIRMED_CANDIDATE
EVT_0031,leopard_cat,2017-12-24 03:47:02,IMG_0244.JPG,kanan,IMG_0245.JPG,kanan,IMG_0246.JPG,kanan,UNASSIGNED,NO_CONFIRMED_CANDIDATE
EVT_0032,leopard_cat,2017-12-24 03:47:06,IMG_0247.JPG,kanan,IMG_0248.JPG,kanan,IMG_0249.JPG,kanan,UNASSIGNED,NO_CONFIRMED_CANDIDATE
EVT_0033,leopard_cat,2017-12-24 03:47:11,IMG_0250.JPG,kanan,IMG_0251.JPG,kanan,IMG_0252.JPG,kanan,UNASSIGNED,NO_CONFIRMED_CANDIDATE
EVT_0034,leopard_cat,2017-12-27 06:40:55,IMG_0142.JPG,kanan,IMG_0143.JPG,kanan,IMG_0144.JPG,kanan,UNASSIGNED,NO_CONFIRMED_CANDIDATE
EVT_0035,leopard_cat,2017-12-30 22:28:41,IMG 1 (3).JPG,kanan,IMG 1 (4).JPG,depan,IMG 1 (5).JPG,depan,IND_CAND_01,GROUPED_CANDIDATE
EVT_0036,leopard_cat,2018-01-02 00:18:50,IMG 2 (3).JPG,tidak_yakin,IMG 2 (4).JPG,belakang,IMG 2 (5).JPG,belakang,UNASSIGNED,NO_CONFIRMED_CANDIDATE
EVT_0037,leopard_cat,2018-01-02 00:18:56,IMG 2 (6).JPG,belakang,IMG 2 (1).JPG,belakang,IMG 2 (2).JPG,belakang,UNASSIGNED,NO_CONFIRMED_CANDIDATE
EVT_0038,leopard_cat,2018-01-02 03:14:14,IMG_0028.JPG,kiri,IMG_0029.JPG,kiri,IMG_0030.JPG,kiri,UNASSIGNED,NO_CONFIRMED_CANDIDATE
EVT_0039,leopard_cat,2018-01-02 03:14:47,IMG_0031.JPG,kiri,IMG_0032.JPG,depan,IMG_0033.JPG,depan,UNASSIGNED,NO_CONFIRMED_CANDIDATE
EVT_0040,leopard_cat,2018-01-02 03:14:54,IMG_0034.JPG,depan,IMG_0035.JPG,depan,IMG_0036.JPG,depan,UNASSIGNED,NO_CONFIRMED_CANDIDATE
EVT_0041,leopard_cat,2018-01-02 03:14:59,IMG_0037.JPG,depan,IMG_0038.JPG,depan,IMG_0039.JPG,depan,UNASSIGNED,NO_CONFIRMED_CANDIDATE
EVT_0042,leopard_cat,2018-01-03 03:45:28,IMG_0064.JPG,kanan,IMG_0065.JPG,kanan,IMG_0066.JPG,kanan,UNASSIGNED,NO_CONFIRMED_CANDIDATE
EVT_0043,leopard_cat,2018-01-05 18:22:13,IMG 3 (1).JPG,tidak_yakin,IMG 3 (2).JPG,belakang,IMG 3 (3).JPG,belakang,UNASSIGNED,NO_CONFIRMED_CANDIDATE
EVT_0044,leopard_cat,2018-01-09 21:34:19,IMG_0124.JPG,kiri,IMG_0125.JPG,kiri,IMG_0126.JPG,kiri,UNASSIGNED,NO_CONFIRMED_CANDIDATE
EVT_0045,leopard_cat,2018-01-09 21:34:25,IMG_0127.JPG,kiri,IMG_0128.JPG,kiri,IMG_0129.JPG,kiri,UNASSIGNED,NO_CONFIRMED_CANDIDATE
EVT_0046,leopard_cat,2018-01-09 21:34:28,IMG_0130.JPG,kiri,IMG_0131.JPG,kiri,IMG_0132.JPG,kiri,UNASSIGNED,NO_CONFIRMED_CANDIDATE
EVT_0047,leopard_cat,2018-01-11 00:15:50,IMG_0136.JPG,kiri,IMG_0137.JPG,kiri,IMG_0138.JPG,kiri,UNASSIGNED,NO_CONFIRMED_CANDIDATE
EVT_0048,leopard_cat,2018-01-18 04:29:37,IMG_0208.JPG,kanan,IMG_0209.JPG,kanan,IMG_0210.JPG,kanan,UNASSIGNED,NO_CONFIRMED_CANDIDATE
EVT_0049,leopard_cat,2018-01-18 04:29:43,IMG_0211.JPG,kanan,IMG_0212.JPG,kanan,IMG_0213.JPG,kanan,UNASSIGNED,NO_CONFIRMED_CANDIDATE
EVT_0050,leopard_cat,2018-01-18 18:58:16,IMG_0217.JPG,tidak_yakin,IMG_0218.JPG,tidak_yakin,IMG_0219.JPG,tidak_yakin,UNASSIGNED,NO_CONFIRMED_CANDIDATE
EVT_0051,leopard_cat,2018-01-18 18:59:07,IMG_0220.JPG,belakang,IMG_0221.JPG,depan,IMG_0222.JPG,depan,UNASSIGNED,NO_CONFIRMED_CANDIDATE
EVT_0052,leopard_cat,2018-01-18 18:59:12,IMG_0223.JPG,depan,IMG_0224.JPG,depan,IMG_0225.JPG,depan,UNASSIGNED,NO_CONFIRMED_CANDIDATE
EVT_0053,leopard_cat,2018-01-18 18:59:22,IMG_0226.JPG,null,IMG_0227.JPG,null,IMG_0228.JPG,null,UNASSIGNED,NO_CONFIRMED_CANDIDATE
EVT_0054,leopard_cat,2018-01-18 18:59:26,IMG_0229.JPG,null,IMG_0230.JPG,null,IMG_0231.JPG,null,UNASSIGNED,NO_CONFIRMED_CANDIDATE
EVT_0055,leopard_cat,2018-01-19 00:31:04,IMG_0232.JPG,kiri,IMG_0233.JPG,kiri,IMG_0234.JPG,kiri,UNASSIGNED,NO_CONFIRMED_CANDIDATE
EVT_0056,leopard_cat,2018-01-19 00:31:07,IMG_0235.JPG,kiri,IMG_0236.JPG,tidak_yakin,IMG_0237.JPG,null,UNASSIGNED,NO_CONFIRMED_CANDIDATE
EVT_0057,leopard_cat,2018-01-19 00:32:18,IMG_0238.JPG,kanan,IMG_0239.JPG,kanan,IMG_0240.JPG,kanan,IND_CAND_01,GROUPED_CANDIDATE
EVT_0058,leopard_cat,2018-01-19 00:32:23,IMG_0241.JPG,kanan,IMG_0242.JPG,kanan,IMG_0243.JPG,kanan,IND_CAND_01,GROUPED_CANDIDATE
EVT_0059,leopard_cat,2018-01-19 00:32:27,IMG_0244.JPG,kanan,IMG_0245.JPG,null,IMG_0246.JPG,null,UNASSIGNED,NO_CONFIRMED_CANDIDATE
EVT_0060,leopard_cat,2018-01-19 00:35:21,IMG_0247.JPG,kiri,IMG_0248.JPG,kiri,IMG_0249.JPG,kiri,IND_CAND_01,GROUPED_CANDIDATE
EVT_0061,leopard_cat,2018-01-19 00:35:28,IMG_0250.JPG,depan,IMG_0251.JPG,depan,IMG_0252.JPG,null,UNASSIGNED,NO_CONFIRMED_CANDIDATE
EVT_0062,leopard_cat,2018-01-19 18:52:50,IMG_0283.JPG,kiri,IMG_0284.JPG,kiri,IMG_0285.JPG,null,UNASSIGNED,NO_CONFIRMED_CANDIDATE
EVT_0063,leopard_cat,2018-01-26 20:45:54,IMG_0310.JPG,belakang,IMG_0311.JPG,belakang,IMG_0312.JPG,depan,UNASSIGNED,NO_CONFIRMED_CANDIDATE
EVT_0064,null,2017-10-28 12:09:56,IMG_0037.JPG,null,IMG_0038.JPG,null,IMG_0039.JPG,null,,
EVT_0065,null,2017-11-01 12:33:54,IMG_0079.JPG,null,IMG_0080.JPG,null,IMG_0081.JPG,null,,
EVT_0066,null,2017-11-11 08:31:44,IMG_0127.JPG,null,IMG_0128.JPG,null,IMG_0129.JPG,null,,
EVT_0067,null,2017-12-08 09:14:42,IMG_0007.JPG,null,IMG_0008.JPG,null,IMG_0009.JPG,null,,
EVT_0068,null,2017-12-08 09:14:56,IMG_0010.JPG,null,IMG_0011.JPG,null,IMG_0012.JPG,null,,
EVT_0069,null,2017-12-08 09:15:16,IMG_0013.JPG,null,IMG_0014.JPG,null,IMG_0015.JPG,null,,
EVT_0070,null,2017-12-08 09:15:20,IMG_0016.JPG,null,IMG_0017.JPG,null,IMG_0018.JPG,null,,
EVT_0071,null,2017-12-08 09:15:54,IMG_0019.JPG,null,IMG_0020.JPG,null,IMG_0021.JPG,null,,
EVT_0072,null,2017-12-08 09:16:06,IMG_0025.JPG,null,IMG_0026.JPG,null,IMG_0027.JPG,null,,
EVT_0073,null,2017-12-08 09:21:51,IMG_0223.JPG,null,IMG_0224.JPG,null,IMG_0225.JPG,null,,
EVT_0074,null,2017-12-08 15:29:10,IMG_0043.JPG,null,IMG_0044.JPG,null,IMG_0045.JPG,null,,
EVT_0075,null,2017-12-10 10:45:33,IMG_0061.JPG,null,IMG_0062.JPG,null,IMG_0063.JPG,null,,
EVT_0076,null,2017-12-10 10:47:07,IMG_0244.JPG,null,IMG_0245.JPG,null,IMG_0246.JPG,null,,
EVT_0077,null,2017-12-10 11:21:29,IMG_0064.JPG,null,IMG_0065.JPG,null,IMG_0066.JPG,null,,
EVT_0078,null,2017-12-11 09:03:51,IMG_0082.JPG,null,IMG_0083.JPG,null,IMG_0084.JPG,null,,
EVT_0079,null,2017-12-11 09:26:43,IMG_0070.JPG,null,IMG_0071.JPG,null,IMG_0072.JPG,null,,
EVT_0080,null,2017-12-11 10:55:32,IMG_0007.JPG,null,IMG_0008.JPG,null,IMG_0009.JPG,null,,
EVT_0081,null,2017-12-11 11:19:29,IMG_0076.JPG,null,IMG_0077.JPG,null,IMG_0078.JPG,null,,
EVT_0082,null,2017-12-12 08:34:08,IMG_0265.JPG,null,IMG_0266.JPG,null,IMG_0267.JPG,null,,
EVT_0083,null,2017-12-12 10:19:14,IMG_0022.JPG,null,IMG_0023.JPG,null,IMG_0024.JPG,null,,
EVT_0084,null,2017-12-12 10:54:19,IMG_0019.JPG,null,IMG_0020.JPG,null,IMG_0021.JPG,null,,
EVT_0085,null,2017-12-13 06:32:15,IMG_0028.JPG,null,IMG_0029.JPG,null,IMG_0030.JPG,null,,
EVT_0086,null,2017-12-13 06:32:24,IMG_0031.JPG,null,IMG_0032.JPG,null,IMG_0033.JPG,null,,
EVT_0087,null,2017-12-13 06:32:43,IMG_0034.JPG,null,IMG_0035.JPG,null,IMG_0036.JPG,null,,
EVT_0088,null,2017-12-13 06:32:50,IMG_0037.JPG,null,IMG_0038.JPG,null,IMG_0039.JPG,null,,
EVT_0089,null,2017-12-13 06:32:53,IMG_0040.JPG,null,IMG_0041.JPG,null,IMG_0042.JPG,null,,
EVT_0090,null,2017-12-13 06:41:56,IMG_0055.JPG,null,IMG_0056.JPG,null,IMG_0057.JPG,null,,
EVT_0091,null,2017-12-13 08:19:11,IMG_0061.JPG,null,IMG_0062.JPG,null,IMG_0063.JPG,null,,
EVT_0092,null,2017-12-13 08:22:16,IMG_0064.JPG,null,IMG_0065.JPG,null,IMG_0066.JPG,null,,
EVT_0093,null,2017-12-13 14:35:59,IMG_0061.JPG,null,IMG_0062.JPG,null,IMG_0063.JPG,null,,
EVT_0094,null,2017-12-14 09:23:47,IMG_0094.JPG,null,IMG_0095.JPG,null,IMG_0096.JPG,null,,
EVT_0095,null,2017-12-14 09:56:19,IMG_0106.JPG,null,IMG_0107.JPG,null,IMG_0108.JPG,null,,
EVT_0096,null,2017-12-14 10:34:47,IMG_0079.JPG,null,IMG_0080.JPG,null,IMG_0081.JPG,null,,
EVT_0097,null,2017-12-14 14:10:08,IMG_0100.JPG,null,IMG_0101.JPG,null,IMG_0102.JPG,null,,
EVT_0098,null,2017-12-14 16:37:05,IMG_0100.JPG,null,IMG_0101.JPG,null,IMG_0102.JPG,null,,
EVT_0099,null,2017-12-15 08:52:47,IMG_0016.JPG,null,IMG_0017.JPG,null,IMG_0018.JPG,null,,
EVT_0100,null,2017-12-15 09:11:31,IMG_0115.JPG,null,IMG_0116.JPG,null,IMG_0117.JPG,null,,
EVT_0101,null,2017-12-15 09:26:36,IMG_0025.JPG,null,IMG_0026.JPG,null,IMG_0027.JPG,null,,
EVT_0102,null,2017-12-15 10:47:53,IMG_0058.JPG,null,IMG_0059.JPG,null,IMG_0060.JPG,null,,
EVT_0103,null,2017-12-16 11:17:20,IMG_0127.JPG,null,IMG_0128.JPG,null,IMG_0129.JPG,null,,
EVT_0104,null,2017-12-16 11:17:24,IMG_0130.JPG,null,IMG_0131.JPG,null,IMG_0132.JPG,null,,
EVT_0105,null,2017-12-18 04:17:23,IMG_0142.JPG,null,IMG_0143.JPG,null,IMG_0144.JPG,null,,
EVT_0106,null,2017-12-18 09:03:56,IMG_0145.JPG,null,IMG_0146.JPG,null,IMG_0147.JPG,null,,
EVT_0107,null,2017-12-18 09:03:59,IMG_0148.JPG,null,IMG_0149.JPG,null,IMG_0150.JPG,null,,
EVT_0108,null,2017-12-19 07:23:49,IMG_0163.JPG,null,IMG_0164.JPG,null,IMG_0165.JPG,null,,
EVT_0109,null,2017-12-20 08:03:13,IMG_0097.JPG,null,IMG_0098.JPG,null,IMG_0099.JPG,null,,
EVT_0110,null,2017-12-21 08:45:20,IMG_0103.JPG,null,IMG_0104.JPG,null,IMG_0105.JPG,null,,
EVT_0111,null,2017-12-21 08:57:26,IMG_0127.JPG,null,IMG_0128.JPG,null,IMG_0129.JPG,null,,
EVT_0112,null,2017-12-22 07:57:37,IMG_0112.JPG,null,IMG_0113.JPG,null,IMG_0114.JPG,null,,
EVT_0113,null,2017-12-23 08:46:01,IMG_0214.JPG,null,IMG_0215.JPG,null,IMG_0216.JPG,null,,
EVT_0114,null,2017-12-23 09:57:20,IMG_0178.JPG,null,IMG_0179.JPG,null,IMG_0180.JPG,null,,
EVT_0115,null,2017-12-23 09:57:31,IMG_0181.JPG,null,IMG_0182.JPG,null,IMG_0183.JPG,null,,
EVT_0116,null,2017-12-23 13:55:22,IMG_0217.JPG,null,IMG_0218.JPG,null,IMG_0219.JPG,null,,
EVT_0117,null,2017-12-23 13:55:32,IMG_0220.JPG,null,IMG_0221.JPG,null,IMG_0222.JPG,null,,
EVT_0118,null,2017-12-23 13:55:42,IMG_0226.JPG,null,IMG_0227.JPG,null,IMG_0228.JPG,null,,
EVT_0119,null,2017-12-23 13:56:03,IMG_0232.JPG,null,IMG_0233.JPG,null,IMG_0234.JPG,null,,
EVT_0120,null,2017-12-23 14:08:46,IMG_0124.JPG,null,IMG_0125.JPG,null,IMG_0126.JPG,null,,
EVT_0121,null,2017-12-24 15:41:29,IMG_0010.JPG,null,IMG_0011.JPG,null,IMG_0012.JPG,null,,
EVT_0122,null,2017-12-24 15:42:01,IMG_0028.JPG,null,IMG_0029.JPG,null,IMG_0030.JPG,null,,
EVT_0123,null,2017-12-25 10:28:33,IMG_0127.JPG,null,IMG_0128.JPG,null,IMG_0129.JPG,null,,
EVT_0124,null,2017-12-26 08:07:00,IMG_0133.JPG,null,IMG_0134.JPG,null,IMG_0135.JPG,null,,
EVT_0125,null,2017-12-26 08:44:20,IMG_0079.JPG,null,IMG_0080.JPG,null,IMG_0081.JPG,null,,
EVT_0126,null,2017-12-26 09:07:53,IMG_0184.JPG,null,IMG_0185.JPG,null,IMG_0186.JPG,null,,
EVT_0127,null,2017-12-26 11:43:59,IMG_0199.JPG,null,IMG_0200.JPG,null,IMG_0201.JPG,null,,
EVT_0128,null,2017-12-26 11:48:38,IMG_0205.JPG,null,IMG_0206.JPG,null,IMG_0207.JPG,null,,
EVT_0129,null,2017-12-26 11:50:33,IMG_0217.JPG,null,IMG_0218.JPG,null,IMG_0219.JPG,null,,
EVT_0130,null,2017-12-27 09:57:42,IMG_0100.JPG,null,IMG_0101.JPG,null,IMG_0102.JPG,null,,
EVT_0131,null,2017-12-27 10:10:26,IMG_0112.JPG,null,IMG_0113.JPG,null,IMG_0114.JPG,null,,
EVT_0132,null,2017-12-28 08:02:10,IMG_0151.JPG,null,IMG_0152.JPG,null,IMG_0153.JPG,null,,
EVT_0133,null,2017-12-28 11:12:02,IMG_0226.JPG,null,IMG_0227.JPG,null,IMG_0228.JPG,null,,
EVT_0134,null,2017-12-28 12:06:34,IMG_0166.JPG,null,IMG_0167.JPG,null,IMG_0168.JPG,null,,
EVT_0135,null,2017-12-28 16:09:07,IMG_0169.JPG,null,IMG_0170.JPG,null,IMG_0171.JPG,null,,
