event_id,timestamp,previous_event,previous_timestamp,gap_seconds,gap_minutes,gap_category,close_under_1min,close_under_5min,close_under_10min,close_under_30min
EVT_0001,2017-10-19 04:00:20,,,,,FIRST_EVENT,False,False,False,False
EVT_0002,2017-10-27 19:40:20,EVT_0001,2017-10-19 04:00:20,747600.0,12460.0,> 24 jam,False,False,False,False
EVT_0003,2017-10-27 19:40:22,EVT_0002,2017-10-27 19:40:20,2.0,0.03333333333333333,< 1 menit,True,True,True,True
EVT_0004,2017-10-27 19:40:34,EVT_0003,2017-10-27 19:40:22,12.0,0.2,< 1 menit,True,True,True,True
EVT_0005,2017-11-06 16:42:29,EVT_0004,2017-10-27 19:40:34,853315.0,14221.916666666666,> 24 jam,False,False,False,False
EVT_0006,2017-11-07 03:12:42,EVT_0005,2017-11-06 16:42:29,37813.0,630.2166666666667,1-24 jam,False,False,False,False
EVT_0007,2017-11-07 03:12:59,EVT_0006,2017-11-07 03:12:42,17.0,0.2833333333333333,< 1 menit,True,True,True,True
EVT_0008,2017-11-07 03:13:09,EVT_0007,2017-11-07 03:12:59,10.0,0.16666666666666666,< 1 menit,True,True,True,True
EVT_0009,2017-11-07 03:13:19,EVT_0008,2017-11-07 03:13:09,10.0,0.16666666666666666,< 1 menit,True,True,True,True
EVT_0010,2017-11-20 18:55:39,EVT_0009,2017-11-07 03:13:19,1179740.0,19662.333333333332,> 24 jam,False,False,False,False
EVT_0011,2017-11-20 18:55:43,EVT_0010,2017-11-20 18:55:39,4.0,0.06666666666666667,< 1 menit,True,True,True,True
EVT_0012,2017-12-08 00:33:15,EVT_0011,2017-11-20 18:55:43,1489052.0,24817.533333333333,> 24 jam,False,False,False,False
EVT_0013,2017-12-08 00:33:18,EVT_0012,2017-12-08 00:33:15,3.0,0.05,< 1 menit,True,True,True,True
EVT_0014,2017-12-08 00:33:21,EVT_0013,2017-12-08 00:33:18,3.0,0.05,< 1 menit,True,True,True,True
EVT_0015,2017-12-08 00:33:25,EVT_0014,2017-12-08 00:33:21,4.0,0.06666666666666667,< 1 menit,True,True,True,True
EVT_0016,2017-12-08 00:33:29,EVT_0015,2017-12-08 00:33:25,4.0,0.06666666666666667,< 1 menit,True,True,True,True
EVT_0017,2017-12-08 04:01:15,EVT_0016,2017-12-08 00:33:29,12466.0,207.76666666666668,1-24 jam,False,False,False,False
EVT_0018,2017-12-08 04:01:19,EVT_0017,2017-12-08 04:01:15,4.0,0.06666666666666667,< 1 menit,True,True,True,True
EVT_0019,2017-12-08 04:01:36,EVT_0018,2017-12-08 04:01:19,17.0,0.2833333333333333,< 1 menit,True,True,True,True
EVT_0020,2017-12-08 04:24:20,EVT_0019,2017-12-08 04:01:36,1364.0,22.733333333333334,20-30 menit,False,False,False,True
EVT_0021,2017-12-08 04:24:26,EVT_0020,2017-12-08 04:24:20,6.0,0.1,< 1 menit,True,True,True,True
EVT_0022,2017-12-09 07:18:52,EVT_0021,2017-12-08 04:24:26,96866.0,1614.4333333333334,> 24 jam,False,False,False,False
EVT_0023,2017-12-09 07:18:56,EVT_0022,2017-12-09 07:18:52,4.0,0.06666666666666667,< 1 menit,True,True,True,True
EVT_0024,2017-12-17 18:41:50,EVT_0023,2017-12-09 07:18:56,732174.0,12202.9,> 24 jam,False,False,False,False
EVT_0025,2017-12-17 18:42:29,EVT_0024,2017-12-17 18:41:50,39.0,0.65,< 1 menit,True,True,True,True
EVT_0026,2017-12-17 18:42:37,EVT_0025,2017-12-17 18:42:29,8.0,0.13333333333333333,< 1 menit,True,True,True,True
EVT_0027,2017-12-18 06:32:24,EVT_0026,2017-12-17 18:42:37,42587.0,709.7833333333333,1-24 jam,False,False,False,False
EVT_0028,2017-12-19 07:35:16,EVT_0027,2017-12-18 06:32:24,90172.0,1502.8666666666666,> 24 jam,False,False,False,False
EVT_0029,2017-12-23 06:01:41,EVT_0028,2017-12-19 07:35:16,339985.0,5666.416666666667,> 24 jam,False,False,False,False
EVT_0030,2017-12-24 03:46:53,EVT_0029,2017-12-23 06:01:41,78312.0,1305.2,1-24 jam,False,False,False,False
EVT_0031,2017-12-24 03:47:02,EVT_0030,2017-12-24 03:46:53,9.0,0.15,< 1 menit,True,True,True,True
EVT_0032,2017-12-24 03:47:06,EVT_0031,2017-12-24 03:47:02,4.0,0.06666666666666667,< 1 menit,True,True,True,True
EVT_0033,2017-12-24 03:47:11,EVT_0032,2017-12-24 03:47:06,5.0,0.08333333333333333,< 1 menit,True,True,True,True
EVT_0034,2017-12-27 06:40:55,EVT_0033,2017-12-24 03:47:11,269624.0,4493.733333333334,> 24 jam,False,False,False,False
EVT_0035,2017-12-30 22:28:41,EVT_0034,2017-12-27 06:40:55,316066.0,5267.766666666666,> 24 jam,False,False,False,False
EVT_0036,2018-01-02 00:18:50,EVT_0035,2017-12-30 22:28:41,179409.0,2990.15,> 24 jam,False,False,False,False
EVT_0037,2018-01-02 00:18:56,EVT_0036,2018-01-02 00:18:50,6.0,0.1,< 1 menit,True,True,True,True
EVT_0038,2018-01-02 03:14:14,EVT_0037,2018-01-02 00:18:56,10518.0,175.3,1-24 jam,False,False,False,False
EVT_0039,2018-01-02 03:14:47,EVT_0038,2018-01-02 03:14:14,33.0,0.55,< 1 menit,True,True,True,True
EVT_0040,2018-01-02 03:14:54,EVT_0039,2018-01-02 03:14:47,7.0,0.11666666666666667,< 1 menit,True,True,True,True
EVT_0041,2018-01-02 03:14:59,EVT_0040,2018-01-02 03:14:54,5.0,0.08333333333333333,< 1 menit,True,True,True,True
EVT_0042,2018-01-03 03:45:28,EVT_0041,2018-01-02 03:14:59,88229.0,1470.4833333333333,> 24 jam,False,False,False,False
EVT_0043,2018-01-05 18:22:13,EVT_0042,2018-01-03 03:45:28,225405.0,3756.75,> 24 jam,False,False,False,False
EVT_0044,2018-01-09 21:34:19,EVT_0043,2018-01-05 18:22:13,357126.0,5952.1,> 24 jam,False,False,False,False
EVT_0045,2018-01-09 21:34:25,EVT_0044,2018-01-09 21:34:19,6.0,0.1,< 1 menit,True,True,True,True
EVT_0046,2018-01-09 21:34:28,EVT_0045,2018-01-09 21:34:25,3.0,0.05,< 1 menit,True,True,True,True
EVT_0047,2018-01-11 00:15:50,EVT_0046,2018-01-09 21:34:28,96082.0,1601.3666666666666,> 24 jam,False,False,False,False
EVT_0048,2018-01-18 04:29:37,EVT_0047,2018-01-11 00:15:50,620027.0,10333.783333333333,> 24 jam,False,False,False,False
EVT_0049,2018-01-18 04:29:43,EVT_0048,2018-01-18 04:29:37,6.0,0.1,< 1 menit,True,True,True,True
EVT_0050,2018-01-18 18:58:16,EVT_0049,2018-01-18 04:29:43,52113.0,868.55,1-24 jam,False,False,False,False
EVT_0051,2018-01-18 18:59:07,EVT_0050,2018-01-18 18:58:16,51.0,0.85,< 1 menit,True,True,True,True
EVT_0052,2018-01-18 18:59:12,EVT_0051,2018-01-18 18:59:07,5.0,0.08333333333333333,< 1 menit,True,True,True,True
EVT_0053,2018-01-18 18:59:22,EVT_0052,2018-01-18 18:59:12,10.0,0.16666666666666666,< 1 menit,True,True,True,True
EVT_0054,2018-01-18 18:59:26,EVT_0053,2018-01-18 18:59:22,4.0,0.06666666666666667,< 1 menit,True,True,True,True
EVT_0055,2018-01-19 00:31:04,EVT_0054,2018-01-18 18:59:26,19898.0,331.6333333333333,1-24 jam,False,False,False,False
EVT_0056,2018-01-19 00:31:07,EVT_0055,2018-01-19 00:31:04,3.0,0.05,< 1 menit,True,True,True,True
EVT_0057,2018-01-19 00:32:18,EVT_0056,2018-01-19 00:31:07,71.0,1.1833333333333333,1-5 menit,False,True,True,True
EVT_0058,2018-01-19 00:32:23,EVT_0057,2018-01-19 00:32:18,5.0,0.08333333333333333,< 1 menit,True,True,True,True
EVT_0059,2018-01-19 00:32:27,EVT_0058,2018-01-19 00:32:23,4.0,0.06666666666666667,< 1 menit,True,True,True,True
EVT_0060,2018-01-19 00:35:21,EVT_0059,2018-01-19 00:32:27,174.0,2.9,1-5 menit,False,True,True,True
EVT_0061,2018-01-19 00:35:28,EVT_0060,2018-01-19 00:35:21,7.0,0.11666666666666667,< 1 menit,True,True,True,True
EVT_0062,2018-01-19 18:52:50,EVT_0061,2018-01-19 00:35:28,65842.0,1097.3666666666666,1-24 jam,False,False,False,False
EVT_0063,2018-01-26 20:45:54,EVT_0062,2018-01-19 18:52:50,611584.0,10193.066666666668,> 24 jam,False,False,False,False
