event_id,timestamp_foto_1,timestamp_foto_2,timestamp_foto_3,jumlah_timestamp_valid,min_gap_internal_seconds,max_gap_internal_seconds
EVT_0001,2017-10-19 04:00:20,2017-10-19 04:00:21,2017-10-19 04:00:22,3,1.0,1.0
EVT_0002,2017-10-27 19:40:20,2017-10-27 19:40:21,2017-10-27 19:40:22,3,1.0,1.0
EVT_0003,2017-10-27 19:40:22,2017-10-27 19:40:23,2017-10-27 19:40:24,3,1.0,1.0
EVT_0004,2017-10-27 19:40:34,2017-10-27 19:40:35,2017-10-27 19:40:36,3,1.0,1.0
EVT_0005,2017-11-06 16:42:29,2017-11-06 16:42:30,2017-11-06 16:42:31,3,1.0,1.0
EVT_0006,2017-11-07 03:12:42,2017-11-07 03:12:43,2017-11-07 03:12:44,3,1.0,1.0
EVT_0007,2017-11-07 03:12:59,2017-11-07 03:13:00,2017-11-07 03:13:01,3,1.0,1.0
EVT_0008,2017-11-07 03:13:09,2017-11-07 03:13:11,2017-11-07 03:13:12,3,1.0,2.0
EVT_0009,2017-11-07 03:13:19,2017-11-07 03:13:20,2017-11-07 03:13:21,3,1.0,1.0
EVT_0010,2017-11-20 18:55:39,2017-11-20 18:55:40,2017-11-20 18:55:41,3,1.0,1.0
EVT_0011,2017-11-20 18:55:43,2017-11-20 18:55:44,2017-11-20 18:55:45,3,1.0,1.0
EVT_0012,2017-12-08 00:33:15,2017-12-08 00:33:16,2017-12-08 00:33:17,3,1.0,1.0
EVT_0013,2017-12-08 00:33:18,2017-12-08 00:33:19,2017-12-08 00:33:20,3,1.0,1.0
EVT_0014,2017-12-08 00:33:21,2017-12-08 00:33:22,2017-12-08 00:33:23,3,1.0,1.0
EVT_0015,2017-12-08 00:33:25,2017-12-08 00:33:26,2017-12-08 00:33:27,3,1.0,1.0
EVT_0016,2017-12-08 00:33:29,2017-12-08 00:33:30,2017-12-08 00:33:31,3,1.0,1.0
EVT_0017,2017-12-08 04:01:15,2017-12-08 04:01:17,2017-12-08 04:01:18,3,1.0,2.0
EVT_0018,2017-12-08 04:01:19,2017-12-08 04:01:20,2017-12-08 04:01:21,3,1.0,1.0
EVT_0019,2017-12-08 04:01:36,2017-12-08 04:01:37,2017-12-08 04:01:38,3,1.0,1.0
EVT_0020,2017-12-08 04:24:20,2017-12-08 04:24:21,2017-12-08 04:24:22,3,1.0,1.0
EVT_0021,2017-12-08 04:24:26,2017-12-08 04:24:28,2017-12-08 04:24:29,3,1.0,2.0
EVT_0022,2017-12-09 07:18:52,2017-12-09 07:18:53,2017-12-09 07:18:54,3,1.0,1.0
EVT_0023,2017-12-09 07:18:56,2017-12-09 07:18:57,2017-12-09 07:18:58,3,1.0,1.0
EVT_0024,2017-12-17 18:41:50,2017-12-17 18:41:51,2017-12-17 18:41:52,3,1.0,1.0
EVT_0025,2017-12-17 18:42:29,2017-12-17 18:42:30,2017-12-17 18:42:31,3,1.0,1.0
EVT_0026,2017-12-17 18:42:37,2017-12-17 18:42:39,2017-12-17 18:42:40,3,1.0,2.0
EVT_0027,2017-12-18 06:32:24,2017-12-18 06:32:26,2017-12-18 06:32:27,3,1.0,2.0
EVT_0028,2017-12-19 07:35:16,2017-12-19 07:35:18,2017-12-19 07:35:19,3,1.0,2.0
EVT_0029,2017-12-23 06:01:41,2017-12-23 06:01:43,2017-12-23 06:01:44,3,1.0,2.0
EVT_0030,2017-12-24 03:46:53,2017-12-24 03:46:54,2017-12-24 03:46:55,3,1.0,1.0
EVT_0031,2017-12-24 03:47:02,2017-12-24 03:47:03,2017-12-24 03:47:04,3,1.0,1.0
EVT_0032,2017-12-24 03:47:06,2017-12-24 03:47:07,2017-12-24 03:47:08,3,1.0,1.0
EVT_0033,2017-12-24 03:47:11,2017-12-24 03:47:12,2017-12-24 03:47:13,3,1.0,1.0
EVT_0034,2017-12-27 06:40:55,2017-12-27 06:40:57,2017-12-27 06:40:58,3,1.0,2.0
EVT_0035,2017-12-30 22:28:41,2017-12-30 22:28:42,2017-12-30 22:28:43,3,1.0,1.0
EVT_0036,2018-01-02 00:18:50,2018-01-02 00:18:51,2018-01-02 00:18:52,3,1.0,1.0
EVT_0037,2018-01-02 00:18:56,2018-01-02 00:18:57,2018-01-02 00:18:58,3,1.0,1.0
EVT_0038,2018-01-02 03:14:14,2018-01-02 03:14:15,2018-01-02 03:14:16,3,1.0,1.0
EVT_0039,2018-01-02 03:14:47,2018-01-02 03:14:48,2018-01-02 03:14:49,3,1.0,1.0
EVT_0040,2018-01-02 03:14:54,2018-01-02 03:14:55,2018-01-02 03:14:56,3,1.0,1.0
EVT_0041,2018-01-02 03:14:59,2018-01-02 03:15:00,2018-01-02 03:15:01,3,1.0,1.0
EVT_0042,2018-01-03 03:45:28,2018-01-03 03:45:29,2018-01-03 03:45:30,3,1.0,1.0
EVT_0043,2018-01-05 18:22:13,2018-01-05 18:22:15,2018-01-05 18:22:16,3,1.0,2.0
EVT_0044,2018-01-09 21:34:19,2018-01-09 21:34:20,2018-01-09 21:34:21,3,1.0,1.0
EVT_0045,2018-01-09 21:34:25,2018-01-09 21:34:26,2018-01-09 21:34:27,3,1.0,1.0
EVT_0046,2018-01-09 21:34:28,2018-01-09 21:34:29,2018-01-09 21:34:30,3,1.0,1.0
EVT_0047,2018-01-11 00:15:50,2018-01-11 00:15:51,2018-01-11 00:15:52,3,1.0,1.0
EVT_0048,2018-01-18 04:29:37,2018-01-18 04:29:38,2018-01-18 04:29:39,3,1.0,1.0
EVT_0049,2018-01-18 04:29:43,2018-01-18 04:29:44,2018-01-18 04:29:45,3,1.0,1.0
EVT_0050,2018-01-18 18:58:16,2018-01-18 18:58:17,2018-01-18 18:58:18,3,1.0,1.0
EVT_0051,2018-01-18 18:59:07,2018-01-18 18:59:08,2018-01-18 18:59:09,3,1.0,1.0
EVT_0052,2018-01-18 18:59:12,2018-01-18 18:59:13,2018-01-18 18:59:14,3,1.0,1.0
EVT_0053,2018-01-18 18:59:22,2018-01-18 18:59:24,2018-01-18 18:59:25,3,1.0,2.0
EVT_0054,2018-01-18 18:59:26,2018-01-18 18:59:27,2018-01-18 18:59:28,3,1.0,1.0
EVT_0055,2018-01-19 00:31:04,2018-01-19 00:31:05,2018-01-19 00:31:06,3,1.0,1.0
EVT_0056,2018-01-19 00:31:07,2018-01-19 00:31:10,2018-01-19 00:31:11,3,1.0,3.0
EVT_0057,2018-01-19 00:32:18,2018-01-19 00:32:20,2018-01-19 00:32:21,3,1.0,2.0
EVT_0058,2018-01-19 00:32:23,2018-01-19 00:32:24,2018-01-19 00:32:26,3,1.0,2.0
EVT_0059,2018-01-19 00:32:27,2018-01-19 00:32:28,2018-01-19 00:32:29,3,1.0,1.0
EVT_0060,2018-01-19 00:35:21,2018-01-19 00:35:23,2018-01-19 00:35:25,3,2.0,2.0
EVT_0061,2018-01-19 00:35:28,2018-01-19 00:35:29,2018-01-19 00:35:31,3,1.0,2.0
EVT_0062,2018-01-19 18:52:50,2018-01-19 18:52:51,2018-01-19 18:52:52,3,1.0,1.0
EVT_0063,2018-01-26 20:45:54,2018-01-26 20:45:55,2018-01-26 20:45:56,3,1.0,1.0
