event_id,photo_number,image_path,photo_timestamp
EVT_0001,1,C:\Users\bagus\OneDrive\Bagus\OneDrive\Dokumen\Magang\Rerta 1-leopard cat_baseline_BC\A-East-150m-BC-Round 1\IMG_0034.JPG,2017-10-19 04:00:20
EVT_0001,2,C:\Users\bagus\OneDrive\Bagus\OneDrive\Dokumen\Magang\Rerta 1-leopard cat_baseline_BC\A-East-150m-BC-Round 1\IMG_0035.JPG,2017-10-19 04:00:21
EVT_0001,3,C:\Users\bagus\OneDrive\Bagus\OneDrive\Dokumen\Magang\Rerta 1-leopard cat_baseline_BC\A-East-150m-BC-Round 1\IMG_0036.JPG,2017-10-19 04:00:22
EVT_0002,1,C:\Users\bagus\OneDrive\Bagus\OneDrive\Dokumen\Magang\Rerta 1-leopard cat_baseline_BC\B-East-150m-BC-Round 2\IMG_0055.JPG,2017-10-27 19:40:20
EVT_0002,2,C:\Users\bagus\OneDrive\Bagus\OneDrive\Dokumen\Magang\Rerta 1-leopard cat_baseline_BC\B-East-150m-BC-Round 2\IMG_0056.JPG,2017-10-27 19:40:21
EVT_0002,3,C:\Users\bagus\OneDrive\Bagus\OneDrive\Dokumen\Magang\Rerta 1-leopard cat_baseline_BC\B-East-150m-BC-Round 2\IMG_0057.JPG,2017-10-27 19:40:22
EVT_0003,1,C:\Users\bagus\OneDrive\Bagus\OneDrive\Dokumen\Magang\Rerta 1-leopard cat_baseline_BC\B-East-150m-BC-Round 2\IMG_0058.JPG,2017-10-27 19:40:22
EVT_0003,2,C:\Users\bagus\OneDrive\Bagus\OneDrive\Dokumen\Magang\Rerta 1-leopard cat_baseline_BC\B-East-150m-BC-Round 2\IMG_0059.JPG,2017-10-27 19:40:23
EVT_0003,3,C:\Users\bagus\OneDrive\Bagus\OneDrive\Dokumen\Magang\Rerta 1-leopard cat_baseline_BC\B-East-150m-BC-Round 2\IMG_0060.JPG,2017-10-27 19:40:24
EVT_0004,1,C:\Users\bagus\OneDrive\Bagus\OneDrive\Dokumen\Magang\Rerta 1-leopard cat_baseline_BC\B-East-150m-BC-Round 2\IMG_0061.JPG,2017-10-27 19:40:34
EVT_0004,2,C:\Users\bagus\OneDrive\Bagus\OneDrive\Dokumen\Magang\Rerta 1-leopard cat_baseline_BC\B-East-150m-BC-Round 2\IMG_0062.JPG,2017-10-27 19:40:35
EVT_0004,3,C:\Users\bagus\OneDrive\Bagus\OneDrive\Dokumen\Magang\Rerta 1-leopard cat_baseline_BC\B-East-150m-BC-Round 2\IMG_0063.JPG,2017-10-27 19:40:36
EVT_0005,1,C:\Users\bagus\OneDrive\Bagus\OneDrive\Dokumen\Magang\Rerta 1-leopard cat_baseline_BC\B-East-150m-BC-Round 2\IMG_0241.JPG,2017-11-06 16:42:29
EVT_0005,2,C:\Users\bagus\OneDrive\Bagus\OneDrive\Dokumen\Magang\Rerta 1-leopard cat_baseline_BC\B-East-150m-BC-Round 2\IMG_0242.JPG,2017-11-06 16:42:30
EVT_0005,3,C:\Users\bagus\OneDrive\Bagus\OneDrive\Dokumen\Magang\Rerta 1-leopard cat_baseline_BC\B-East-150m-BC-Round 2\IMG_0243.JPG,2017-11-06 16:42:31
EVT_0006,1,C:\Users\bagus\OneDrive\Bagus\OneDrive\Dokumen\Magang\Rerta 1-leopard cat_baseline_BC\A-West-50m-BC-Round 2\IMG_0265.JPG,2017-11-07 03:12:42
EVT_0006,2,C:\Users\bagus\OneDrive\Bagus\OneDrive\Dokumen\Magang\Rerta 1-leopard cat_baseline_BC\A-West-50m-BC-Round 2\IMG_0266.JPG,2017-11-07 03:12:43
EVT_0006,3,C:\Users\bagus\OneDrive\Bagus\OneDrive\Dokumen\Magang\Rerta 1-leopard cat_baseline_BC\A-West-50m-BC-Round 2\IMG_0267.JPG,2017-11-07 03:12:44
EVT_0007,1,C:\Users\bagus\OneDrive\Bagus\OneDrive\Dokumen\Magang\Rerta 1-leopard cat_baseline_BC\A-West-50m-BC-Round 2\IMG_0268.JPG,2017-11-07 03:12:59
EVT_0007,2,C:\Users\bagus\OneDrive\Bagus\OneDrive\Dokumen\Magang\Rerta 1-leopard cat_baseline_BC\A-West-50m-BC-Round 2\IMG_0269.JPG,2017-11-07 03:13:00
EVT_0007,3,C:\Users\bagus\OneDrive\Bagus\OneDrive\Dokumen\Magang\Rerta 1-leopard cat_baseline_BC\A-West-50m-BC-Round 2\IMG_0270.JPG,2017-11-07 03:13:01
EVT_0008,1,C:\Users\bagus\OneDrive\Bagus\OneDrive\Dokumen\Magang\Rerta 1-leopard cat_baseline_BC\A-West-50m-BC-Round 2\IMG_0271.JPG,2017-11-07 03:13:09
EVT_0008,2,C:\Users\bagus\OneDrive\Bagus\OneDrive\Dokumen\Magang\Rerta 1-leopard cat_baseline_BC\A-West-50m-BC-Round 2\IMG_0272.JPG,2017-11-07 03:13:11
EVT_0008,3,C:\Users\bagus\OneDrive\Bagus\OneDrive\Dokumen\Magang\Rerta 1-leopard cat_baseline_BC\A-West-50m-BC-Round 2\IMG_0273.JPG,2017-11-07 03:13:12
EVT_0009,1,C:\Users\bagus\OneDrive\Bagus\OneDrive\Dokumen\Magang\Rerta 1-leopard cat_baseline_BC\A-West-50m-BC-Round 2\IMG_0274.JPG,2017-11-07 03:13:19
EVT_0009,2,C:\Users\bagus\OneDrive\Bagus\OneDrive\Dokumen\Magang\Rerta 1-leopard cat_baseline_BC\A-West-50m-BC-Round 2\IMG_0275.JPG,2017-11-07 03:13:20
EVT_0009,3,C:\Users\bagus\OneDrive\Bagus\OneDrive\Dokumen\Magang\Rerta 1-leopard cat_baseline_BC\A-West-50m-BC-Round 2\IMG_0276.JPG,2017-11-07 03:13:21
EVT_0010,1,C:\Users\bagus\OneDrive\Bagus\OneDrive\Dokumen\Magang\Rerta 1-leopard cat_baseline_BC\A-West-50m-BC-Round 3\IMG_0028.JPG,2017-11-20 18:55:39
EVT_0010,2,C:\Users\bagus\OneDrive\Bagus\OneDrive\Dokumen\Magang\Rerta 1-leopard cat_baseline_BC\A-West-50m-BC-Round 3\IMG_0029.JPG,2017-11-20 18:55:40
EVT_0010,3,C:\Users\bagus\OneDrive\Bagus\OneDrive\Dokumen\Magang\Rerta 1-leopard cat_baseline_BC\A-West-50m-BC-Round 3\IMG_0030.JPG,2017-11-20 18:55:41
EVT_0011,1,C:\Users\bagus\OneDrive\Bagus\OneDrive\Dokumen\Magang\Rerta 1-leopard cat_baseline_BC\A-West-50m-BC-Round 3\IMG_0031.JPG,2017-11-20 18:55:43
EVT_0011,2,C:\Users\bagus\OneDrive\Bagus\OneDrive\Dokumen\Magang\Rerta 1-leopard cat_baseline_BC\A-West-50m-BC-Round 3\IMG_0032.JPG,2017-11-20 18:55:44
EVT_0011,3,C:\Users\bagus\OneDrive\Bagus\OneDrive\Dokumen\Magang\Rerta 1-leopard cat_baseline_BC\A-West-50m-BC-Round 3\IMG_0033.JPG,2017-11-20 18:55:45
EVT_0012,1,C:\Users\bagus\OneDrive\Bagus\OneDrive\Dokumen\Magang\Rerta 1-leopard cat_baseline_BC\A-West-250m-BC-Round 4\IMG_0040.JPG,2017-12-08 00:33:15
EVT_0012,2,C:\Users\bagus\OneDrive\Bagus\OneDrive\Dokumen\Magang\Rerta 1-leopard cat_baseline_BC\A-West-250m-BC-Round 4\IMG_0041.JPG,2017-12-08 00:33:16
EVT_0012,3,C:\Users\bagus\OneDrive\Bagus\OneDrive\Dokumen\Magang\Rerta 1-leopard cat_baseline_BC\A-West-250m-BC-Round 4\IMG_0042.JPG,2017-12-08 00:33:17
EVT_0013,1,C:\Users\bagus\OneDrive\Bagus\OneDrive\Dokumen\Magang\Rerta 1-leopard cat_baseline_BC\A-West-250m-BC-Round 4\IMG_0043.JPG,2017-12-08 00:33:18
EVT_0013,2,C:\Users\bagus\OneDrive\Bagus\OneDrive\Dokumen\Magang\Rerta 1-leopard cat_baseline_BC\A-West-250m-BC-Round 4\IMG_0044.JPG,2017-12-08 00:33:19
EVT_0013,3,C:\Users\bagus\OneDrive\Bagus\OneDrive\Dokumen\Magang\Rerta 1-leopard cat_baseline_BC\A-West-250m-BC-Round 4\IMG_0045.JPG,2017-12-08 00:33:20
EVT_0014,1,C:\Users\bagus\OneDrive\Bagus\OneDrive\Dokumen\Magang\Rerta 1-leopard cat_baseline_BC\A-West-250m-BC-Round 4\IMG_0046.JPG,2017-12-08 00:33:21
EVT_0014,2,C:\Users\bagus\OneDrive\Bagus\OneDrive\Dokumen\Magang\Rerta 1-leopard cat_baseline_BC\A-West-250m-BC-Round 4\IMG_0047.JPG,2017-12-08 00:33:22
EVT_0014,3,C:\Users\bagus\OneDrive\Bagus\OneDrive\Dokumen\Magang\Rerta 1-leopard cat_baseline_BC\A-West-250m-BC-Round 4\IMG_0048.JPG,2017-12-08 00:33:23
EVT_0015,1,C:\Users\bagus\OneDrive\Bagus\OneDrive\Dokumen\Magang\Rerta 1-leopard cat_baseline_BC\A-West-250m-BC-Round 4\IMG_0049.JPG,2017-12-08 00:33:25
EVT_0015,2,C:\Users\bagus\OneDrive\Bagus\OneDrive\Dokumen\Magang\Rerta 1-leopard cat_baseline_BC\A-West-250m-BC-Round 4\IMG_0050.JPG,2017-12-08 00:33:26
EVT_0015,3,C:\Users\bagus\OneDrive\Bagus\OneDrive\Dokumen\Magang\Rerta 1-leopard cat_baseline_BC\A-West-250m-BC-Round 4\IMG_0051.JPG,2017-12-08 00:33:27
EVT_0016,1,C:\Users\bagus\OneDrive\Bagus\OneDrive\Dokumen\Magang\Rerta 1-leopard cat_baseline_BC\A-West-250m-BC-Round 4\IMG_0052.JPG,2017-12-08 00:33:29
EVT_0016,2,C:\Users\bagus\OneDrive\Bagus\OneDrive\Dokumen\Magang\Rerta 1-leopard cat_baseline_BC\A-West-250m-BC-Round 4\IMG_0053.JPG,2017-12-08 00:33:30
EVT_0016,3,C:\Users\bagus\OneDrive\Bagus\OneDrive\Dokumen\Magang\Rerta 1-leopard cat_baseline_BC\A-West-250m-BC-Round 4\IMG_0054.JPG,2017-12-08 00:33:31
EVT_0017,1,C:\Users\bagus\OneDrive\Bagus\OneDrive\Dokumen\Magang\Rerta 1-leopard cat_baseline_BC\A-West-250m-BC-Round 4\IMG_0055.JPG,2017-12-08 04:01:15
EVT_0017,2,C:\Users\bagus\OneDrive\Bagus\OneDrive\Dokumen\Magang\Rerta 1-leopard cat_baseline_BC\A-West-250m-BC-Round 4\IMG_0056.JPG,2017-12-08 04:01:17
EVT_0017,3,C:\Users\bagus\OneDrive\Bagus\OneDrive\Dokumen\Magang\Rerta 1-leopard cat_baseline_BC\A-West-250m-BC-Round 4\IMG_0057.JPG,2017-12-08 04:01:18
EVT_0018,1,C:\Users\bagus\OneDrive\Bagus\OneDrive\Dokumen\Magang\Rerta 1-leopard cat_baseline_BC\A-West-250m-BC-Round 4\IMG_0058.JPG,2017-12-08 04:01:19
EVT_0018,2,C:\Users\bagus\OneDrive\Bagus\OneDrive\Dokumen\Magang\Rerta 1-leopard cat_baseline_BC\A-West-250m-BC-Round 4\IMG_0059.JPG,2017-12-08 04:01:20
EVT_0018,3,C:\Users\bagus\OneDrive\Bagus\OneDrive\Dokumen\Magang\Rerta 1-leopard cat_baseline_BC\A-West-250m-BC-Round 4\IMG_0060.JPG,2017-12-08 04:01:21
EVT_0019,1,C:\Users\bagus\OneDrive\Bagus\OneDrive\Dokumen\Magang\Rerta 1-leopard cat_baseline_BC\A-West-250m-BC-Round 4\IMG_0061.JPG,2017-12-08 04:01:36
EVT_0019,2,C:\Users\bagus\OneDrive\Bagus\OneDrive\Dokumen\Magang\Rerta 1-leopard cat_baseline_BC\A-West-250m-BC-Round 4\IMG_0062.JPG,2017-12-08 04:01:37
EVT_0019,3,C:\Users\bagus\OneDrive\Bagus\OneDrive\Dokumen\Magang\Rerta 1-leopard cat_baseline_BC\A-West-250m-BC-Round 4\IMG_0063.JPG,2017-12-08 04:01:38
EVT_0020,1,C:\Users\bagus\OneDrive\Bagus\OneDrive\Dokumen\Magang\Rerta 1-leopard cat_baseline_BC\A-West-250m-BC-Round 4\IMG_0064.JPG,2017-12-08 04:24:20
EVT_0020,2,C:\Users\bagus\OneDrive\Bagus\OneDrive\Dokumen\Magang\Rerta 1-leopard cat_baseline_BC\A-West-250m-BC-Round 4\IMG_0065.JPG,2017-12-08 04:24:21
EVT_0020,3,C:\Users\bagus\OneDrive\Bagus\OneDrive\Dokumen\Magang\Rerta 1-leopard cat_baseline_BC\A-West-250m-BC-Round 4\IMG_0066.JPG,2017-12-08 04:24:22
EVT_0021,1,C:\Users\bagus\OneDrive\Bagus\OneDrive\Dokumen\Magang\Rerta 1-leopard cat_baseline_BC\A-West-250m-BC-Round 4\IMG_0067.JPG,2017-12-08 04:24:26
EVT_0021,2,C:\Users\bagus\OneDrive\Bagus\OneDrive\Dokumen\Magang\Rerta 1-leopard cat_baseline_BC\A-West-250m-BC-Round 4\IMG_0068.JPG,2017-12-08 04:24:28
EVT_0021,3,C:\Users\bagus\OneDrive\Bagus\OneDrive\Dokumen\Magang\Rerta 1-leopard cat_baseline_BC\A-West-250m-BC-Round 4\IMG_0069.JPG,2017-12-08 04:24:29
EVT_0022,1,C:\Users\bagus\OneDrive\Bagus\OneDrive\Dokumen\Magang\Rerta 1-leopard cat_baseline_BC\A-East-350m-BC-Round 4\IMG_0073.JPG,2017-12-09 07:18:52
EVT_0022,2,C:\Users\bagus\OneDrive\Bagus\OneDrive\Dokumen\Magang\Rerta 1-leopard cat_baseline_BC\A-East-350m-BC-Round 4\IMG_0074.JPG,2017-12-09 07:18:53
EVT_0022,3,C:\Users\bagus\OneDrive\Bagus\OneDrive\Dokumen\Magang\Rerta 1-leopard cat_baseline_BC\A-East-350m-BC-Round 4\IMG_0075.JPG,2017-12-09 07:18:54
EVT_0023,1,C:\Users\bagus\OneDrive\Bagus\OneDrive\Dokumen\Magang\Rerta 1-leopard cat_baseline_BC\A-East-350m-BC-Round 4\IMG_0076.JPG,2017-12-09 07:18:56
EVT_0023,2,C:\Users\bagus\OneDrive\Bagus\OneDrive\Dokumen\Magang\Rerta 1-leopard cat_baseline_BC\A-East-350m-BC-Round 4\IMG_0077.JPG,2017-12-09 07:18:57
EVT_0023,3,C:\Users\bagus\OneDrive\Bagus\OneDrive\Dokumen\Magang\Rerta 1-leopard cat_baseline_BC\A-East-350m-BC-Round 4\IMG_0078.JPG,2017-12-09 07:18:58
EVT_0024,1,C:\Users\bagus\OneDrive\Bagus\OneDrive\Dokumen\Magang\Rerta 1-leopard cat_baseline_BC\A-West-250m-BC-Round 6\IMG_0079.JPG,2017-12-17 18:41:50
EVT_0024,2,C:\Users\bagus\OneDrive\Bagus\OneDrive\Dokumen\Magang\Rerta 1-leopard cat_baseline_BC\A-West-250m-BC-Round 6\IMG_0080.JPG,2017-12-17 18:41:51
EVT_0024,3,C:\Users\bagus\OneDrive\Bagus\OneDrive\Dokumen\Magang\Rerta 1-leopard cat_baseline_BC\A-West-250m-BC-Round 6\IMG_0081.JPG,2017-12-17 18:41:52
EVT_0025,1,C:\Users\bagus\OneDrive\Bagus\OneDrive\Dokumen\Magang\Rerta 1-leopard cat_baseline_BC\A-West-250m-BC-Round 6\IMG_0082.JPG,2017-12-17 18:42:29
EVT_0025,2,C:\Users\bagus\OneDrive\Bagus\OneDrive\Dokumen\Magang\Rerta 1-leopard cat_baseline_BC\A-West-250m-BC-Round 6\IMG_0083.JPG,2017-12-17 18:42:30
EVT_0025,3,C:\Users\bagus\OneDrive\Bagus\OneDrive\Dokumen\Magang\Rerta 1-leopard cat_baseline_BC\A-West-250m-BC-Round 6\IMG_0084.JPG,2017-12-17 18:42:31
EVT_0026,1,C:\Users\bagus\OneDrive\Bagus\OneDrive\Dokumen\Magang\Rerta 1-leopard cat_baseline_BC\A-West-250m-BC-Round 6\IMG_0085.JPG,2017-12-17 18:42:37
EVT_0026,2,C:\Users\bagus\OneDrive\Bagus\OneDrive\Dokumen\Magang\Rerta 1-leopard cat_baseline_BC\A-West-250m-BC-Round 6\IMG_0086.JPG,2017-12-17 18:42:39
EVT_0026,3,C:\Users\bagus\OneDrive\Bagus\OneDrive\Dokumen\Magang\Rerta 1-leopard cat_baseline_BC\A-West-250m-BC-Round 6\IMG_0087.JPG,2017-12-17 18:42:40
EVT_0027,1,C:\Users\bagus\OneDrive\Bagus\OneDrive\Dokumen\Magang\Rerta 1-leopard cat_baseline_BC\A-West-250m-BC-Round 6\IMG_0088.JPG,2017-12-18 06:32:24
EVT_0027,2,C:\Users\bagus\OneDrive\Bagus\OneDrive\Dokumen\Magang\Rerta 1-leopard cat_baseline_BC\A-West-250m-BC-Round 6\IMG_0089.JPG,2017-12-18 06:32:26
EVT_0027,3,C:\Users\bagus\OneDrive\Bagus\OneDrive\Dokumen\Magang\Rerta 1-leopard cat_baseline_BC\A-West-250m-BC-Round 6\IMG_0090.JPG,2017-12-18 06:32:27
EVT_0028,1,C:\Users\bagus\OneDrive\Bagus\OneDrive\Dokumen\Magang\Rerta 1-leopard cat_baseline_BC\A-West-250m-BC-Round 6\IMG_0094.JPG,2017-12-19 07:35:16
EVT_0028,2,C:\Users\bagus\OneDrive\Bagus\OneDrive\Dokumen\Magang\Rerta 1-leopard cat_baseline_BC\A-West-250m-BC-Round 6\IMG_0095.JPG,2017-12-19 07:35:18
EVT_0028,3,C:\Users\bagus\OneDrive\Bagus\OneDrive\Dokumen\Magang\Rerta 1-leopard cat_baseline_BC\A-West-250m-BC-Round 6\IMG_0096.JPG,2017-12-19 07:35:19
EVT_0029,1,C:\Users\bagus\OneDrive\Bagus\OneDrive\Dokumen\Magang\Rerta 1-leopard cat_baseline_BC\A-East-350m-BC-Round 6\IMG_0007.JPG,2017-12-23 06:01:41
EVT_0029,2,C:\Users\bagus\OneDrive\Bagus\OneDrive\Dokumen\Magang\Rerta 1-leopard cat_baseline_BC\A-East-350m-BC-Round 6\IMG_0008.JPG,2017-12-23 06:01:43
EVT_0029,3,C:\Users\bagus\OneDrive\Bagus\OneDrive\Dokumen\Magang\Rerta 1-leopard cat_baseline_BC\A-East-350m-BC-Round 6\IMG_0009.JPG,2017-12-23 06:01:44
EVT_0030,1,C:\Users\bagus\OneDrive\Bagus\OneDrive\Dokumen\Magang\Rerta 1-leopard cat_baseline_BC\B-East-350m-BC-Round 6\IMG_0241.JPG,2017-12-24 03:46:53
EVT_0030,2,C:\Users\bagus\OneDrive\Bagus\OneDrive\Dokumen\Magang\Rerta 1-leopard cat_baseline_BC\B-East-350m-BC-Round 6\IMG_0242.JPG,2017-12-24 03:46:54
EVT_0030,3,C:\Users\bagus\OneDrive\Bagus\OneDrive\Dokumen\Magang\Rerta 1-leopard cat_baseline_BC\B-East-350m-BC-Round 6\IMG_0243.JPG,2017-12-24 03:46:55
EVT_0031,1,C:\Users\bagus\OneDrive\Bagus\OneDrive\Dokumen\Magang\Rerta 1-leopard cat_baseline_BC\B-East-350m-BC-Round 6\IMG_0244.JPG,2017-12-24 03:47:02
EVT_0031,2,C:\Users\bagus\OneDrive\Bagus\OneDrive\Dokumen\Magang\Rerta 1-leopard cat_baseline_BC\B-East-350m-BC-Round 6\IMG_0245.JPG,2017-12-24 03:47:03
EVT_0031,3,C:\Users\bagus\OneDrive\Bagus\OneDrive\Dokumen\Magang\Rerta 1-leopard cat_baseline_BC\B-East-350m-BC-Round 6\IMG_0246.JPG,2017-12-24 03:47:04
EVT_0032,1,C:\Users\bagus\OneDrive\Bagus\OneDrive\Dokumen\Magang\Rerta 1-leopard cat_baseline_BC\B-East-350m-BC-Round 6\IMG_0247.JPG,2017-12-24 03:47:06
EVT_0032,2,C:\Users\bagus\OneDrive\Bagus\OneDrive\Dokumen\Magang\Rerta 1-leopard cat_baseline_BC\B-East-350m-BC-Round 6\IMG_0248.JPG,2017-12-24 03:47:07
EVT_0032,3,C:\Users\bagus\OneDrive\Bagus\OneDrive\Dokumen\Magang\Rerta 1-leopard cat_baseline_BC\B-East-350m-BC-Round 6\IMG_0249.JPG,2017-12-24 03:47:08
EVT_0033,1,C:\Users\bagus\OneDrive\Bagus\OneDrive\Dokumen\Magang\Rerta 1-leopard cat_baseline_BC\B-East-350m-BC-Round 6\IMG_0250.JPG,2017-12-24 03:47:11
EVT_0033,2,C:\Users\bagus\OneDrive\Bagus\OneDrive\Dokumen\Magang\Rerta 1-leopard cat_baseline_BC\B-East-350m-BC-Round 6\IMG_0251.JPG,2017-12-24 03:47:12
EVT_0033,3,C:\Users\bagus\OneDrive\Bagus\OneDrive\Dokumen\Magang\Rerta 1-leopard cat_baseline_BC\B-East-350m-BC-Round 6\IMG_0252.JPG,2017-12-24 03:47:13
EVT_0034,1,C:\Users\bagus\OneDrive\Bagus\OneDrive\Dokumen\Magang\Rerta 1-leopard cat_baseline_BC\A-West-250m-BC-Round 6\IMG_0142.JPG,2017-12-27 06:40:55
EVT_0034,2,C:\Users\bagus\OneDrive\Bagus\OneDrive\Dokumen\Magang\Rerta 1-leopard cat_baseline_BC\A-West-250m-BC-Round 6\IMG_0143.JPG,2017-12-27 06:40:57
EVT_0034,3,C:\Users\bagus\OneDrive\Bagus\OneDrive\Dokumen\Magang\Rerta 1-leopard cat_baseline_BC\A-West-250m-BC-Round 6\IMG_0144.JPG,2017-12-27 06:40:58
EVT_0035,1,C:\Users\bagus\OneDrive\Bagus\OneDrive\Dokumen\Magang\Rerta 1-leopard cat_baseline_BC\A-East-350m-BC-Round 7\IMG 1 (3).JPG,2017-12-30 22:28:41
EVT_0035,2,C:\Users\bagus\OneDrive\Bagus\OneDrive\Dokumen\Magang\Rerta 1-leopard cat_baseline_BC\A-East-350m-BC-Round 7\IMG 1 (4).JPG,2017-12-30 22:28:42
EVT_0035,3,C:\Users\bagus\OneDrive\Bagus\OneDrive\Dokumen\Magang\Rerta 1-leopard cat_baseline_BC\A-East-350m-BC-Round 7\IMG 1 (5).JPG,2017-12-30 22:28:43
EVT_0036,1,C:\Users\bagus\OneDrive\Bagus\OneDrive\Dokumen\Magang\Rerta 1-leopard cat_baseline_BC\A-East-350m-BC-Round 7\IMG 2 (3).JPG,2018-01-02 00:18:50
EVT_0036,2,C:\Users\bagus\OneDrive\Bagus\OneDrive\Dokumen\Magang\Rerta 1-leopard cat_baseline_BC\A-East-350m-BC-Round 7\IMG 2 (4).JPG,2018-01-02 00:18:51
EVT_0036,3,C:\Users\bagus\OneDrive\Bagus\OneDrive\Dokumen\Magang\Rerta 1-leopard cat_baseline_BC\A-East-350m-BC-Round 7\IMG 2 (5).JPG,2018-01-02 00:18:52
EVT_0037,1,C:\Users\bagus\OneDrive\Bagus\OneDrive\Dokumen\Magang\Rerta 1-leopard cat_baseline_BC\A-East-350m-BC-Round 7\IMG 2 (6).JPG,2018-01-02 00:18:56
EVT_0037,2,C:\Users\bagus\OneDrive\Bagus\OneDrive\Dokumen\Magang\Rerta 1-leopard cat_baseline_BC\A-East-350m-BC-Round 7\IMG 2 (1).JPG,2018-01-02 00:18:57
EVT_0037,3,C:\Users\bagus\OneDrive\Bagus\OneDrive\Dokumen\Magang\Rerta 1-leopard cat_baseline_BC\A-East-350m-BC-Round 7\IMG 2 (2).JPG,2018-01-02 00:18:58
EVT_0038,1,C:\Users\bagus\OneDrive\Bagus\OneDrive\Dokumen\Magang\Rerta 1-leopard cat_baseline_BC\A-West-250m-BC-Round 7\IMG_0028.JPG,2018-01-02 03:14:14
EVT_0038,2,C:\Users\bagus\OneDrive\Bagus\OneDrive\Dokumen\Magang\Rerta 1-leopard cat_baseline_BC\A-West-250m-BC-Round 7\IMG_0029.JPG,2018-01-02 03:14:15
EVT_0038,3,C:\Users\bagus\OneDrive\Bagus\OneDrive\Dokumen\Magang\Rerta 1-leopard cat_baseline_BC\A-West-250m-BC-Round 7\IMG_0030.JPG,2018-01-02 03:14:16
EVT_0039,1,C:\Users\bagus\OneDrive\Bagus\OneDrive\Dokumen\Magang\Rerta 1-leopard cat_baseline_BC\A-West-250m-BC-Round 7\IMG_0031.JPG,2018-01-02 03:14:47
EVT_0039,2,C:\Users\bagus\OneDrive\Bagus\OneDrive\Dokumen\Magang\Rerta 1-leopard cat_baseline_BC\A-West-250m-BC-Round 7\IMG_0032.JPG,2018-01-02 03:14:48
EVT_0039,3,C:\Users\bagus\OneDrive\Bagus\OneDrive\Dokumen\Magang\Rerta 1-leopard cat_baseline_BC\A-West-250m-BC-Round 7\IMG_0033.JPG,2018-01-02 03:14:49
EVT_0040,1,C:\Users\bagus\OneDrive\Bagus\OneDrive\Dokumen\Magang\Rerta 1-leopard cat_baseline_BC\A-West-250m-BC-Round 7\IMG_0034.JPG,2018-01-02 03:14:54
EVT_0040,2,C:\Users\bagus\OneDrive\Bagus\OneDrive\Dokumen\Magang\Rerta 1-leopard cat_baseline_BC\A-West-250m-BC-Round 7\IMG_0035.JPG,2018-01-02 03:14:55
EVT_0040,3,C:\Users\bagus\OneDrive\Bagus\OneDrive\Dokumen\Magang\Rerta 1-leopard cat_baseline_BC\A-West-250m-BC-Round 7\IMG_0036.JPG,2018-01-02 03:14:56
EVT_0041,1,C:\Users\bagus\OneDrive\Bagus\OneDrive\Dokumen\Magang\Rerta 1-leopard cat_baseline_BC\A-West-250m-BC-Round 7\IMG_0037.JPG,2018-01-02 03:14:59
EVT_0041,2,C:\Users\bagus\OneDrive\Bagus\OneDrive\Dokumen\Magang\Rerta 1-leopard cat_baseline_BC\A-West-250m-BC-Round 7\IMG_0038.JPG,2018-01-02 03:15:00
EVT_0041,3,C:\Users\bagus\OneDrive\Bagus\OneDrive\Dokumen\Magang\Rerta 1-leopard cat_baseline_BC\A-West-250m-BC-Round 7\IMG_0039.JPG,2018-01-02 03:15:01
EVT_0042,1,C:\Users\bagus\OneDrive\Bagus\OneDrive\Dokumen\Magang\Rerta 1-leopard cat_baseline_BC\A-West-250m-BC-Round 7\IMG_0064.JPG,2018-01-03 03:45:28
EVT_0042,2,C:\Users\bagus\OneDrive\Bagus\OneDrive\Dokumen\Magang\Rerta 1-leopard cat_baseline_BC\A-West-250m-BC-Round 7\IMG_0065.JPG,2018-01-03 03:45:29
EVT_0042,3,C:\Users\bagus\OneDrive\Bagus\OneDrive\Dokumen\Magang\Rerta 1-leopard cat_baseline_BC\A-West-250m-BC-Round 7\IMG_0066.JPG,2018-01-03 03:45:30
EVT_0043,1,C:\Users\bagus\OneDrive\Bagus\OneDrive\Dokumen\Magang\Rerta 1-leopard cat_baseline_BC\A-East-350m-BC-Round 7\IMG 3 (1).JPG,2018-01-05 18:22:13
EVT_0043,2,C:\Users\bagus\OneDrive\Bagus\OneDrive\Dokumen\Magang\Rerta 1-leopard cat_baseline_BC\A-East-350m-BC-Round 7\IMG 3 (2).JPG,2018-01-05 18:22:15
EVT_0043,3,C:\Users\bagus\OneDrive\Bagus\OneDrive\Dokumen\Magang\Rerta 1-leopard cat_baseline_BC\A-East-350m-BC-Round 7\IMG 3 (3).JPG,2018-01-05 18:22:16
EVT_0044,1,C:\Users\bagus\OneDrive\Bagus\OneDrive\Dokumen\Magang\Rerta 1-leopard cat_baseline_BC\A-West-250m-BC-Round 7\IMG_0124.JPG,2018-01-09 21:34:19
EVT_0044,2,C:\Users\bagus\OneDrive\Bagus\OneDrive\Dokumen\Magang\Rerta 1-leopard cat_baseline_BC\A-West-250m-BC-Round 7\IMG_0125.JPG,2018-01-09 21:34:20
EVT_0044,3,C:\Users\bagus\OneDrive\Bagus\OneDrive\Dokumen\Magang\Rerta 1-leopard cat_baseline_BC\A-West-250m-BC-Round 7\IMG_0126.JPG,2018-01-09 21:34:21
EVT_0045,1,C:\Users\bagus\OneDrive\Bagus\OneDrive\Dokumen\Magang\Rerta 1-leopard cat_baseline_BC\A-West-250m-BC-Round 7\IMG_0127.JPG,2018-01-09 21:34:25
EVT_0045,2,C:\Users\bagus\OneDrive\Bagus\OneDrive\Dokumen\Magang\Rerta 1-leopard cat_baseline_BC\A-West-250m-BC-Round 7\IMG_0128.JPG,2018-01-09 21:34:26
EVT_0045,3,C:\Users\bagus\OneDrive\Bagus\OneDrive\Dokumen\Magang\Rerta 1-leopard cat_baseline_BC\A-West-250m-BC-Round 7\IMG_0129.JPG,2018-01-09 21:34:27
EVT_0046,1,C:\Users\bagus\OneDrive\Bagus\OneDrive\Dokumen\Magang\Rerta 1-leopard cat_baseline_BC\A-West-250m-BC-Round 7\IMG_0130.JPG,2018-01-09 21:34:28
EVT_0046,2,C:\Users\bagus\OneDrive\Bagus\OneDrive\Dokumen\Magang\Rerta 1-leopard cat_baseline_BC\A-West-250m-BC-Round 7\IMG_0131.JPG,2018-01-09 21:34:29
EVT_0046,3,C:\Users\bagus\OneDrive\Bagus\OneDrive\Dokumen\Magang\Rerta 1-leopard cat_baseline_BC\A-West-250m-BC-Round 7\IMG_0132.JPG,2018-01-09 21:34:30
EVT_0047,1,C:\Users\bagus\OneDrive\Bagus\OneDrive\Dokumen\Magang\Rerta 1-leopard cat_baseline_BC\A-West-250m-BC-Round 7\IMG_0136.JPG,2018-01-11 00:15:50
EVT_0047,2,C:\Users\bagus\OneDrive\Bagus\OneDrive\Dokumen\Magang\Rerta 1-leopard cat_baseline_BC\A-West-250m-BC-Round 7\IMG_0137.JPG,2018-01-11 00:15:51
EVT_0047,3,C:\Users\bagus\OneDrive\Bagus\OneDrive\Dokumen\Magang\Rerta 1-leopard cat_baseline_BC\A-West-250m-BC-Round 7\IMG_0138.JPG,2018-01-11 00:15:52
EVT_0048,1,C:\Users\bagus\OneDrive\Bagus\OneDrive\Dokumen\Magang\Rerta 1-leopard cat_baseline_BC\A-West-250m-BC-Round 8\IMG_0208.JPG,2018-01-18 04:29:37
EVT_0048,2,C:\Users\bagus\OneDrive\Bagus\OneDrive\Dokumen\Magang\Rerta 1-leopard cat_baseline_BC\A-West-250m-BC-Round 8\IMG_0209.JPG,2018-01-18 04:29:38
EVT_0048,3,C:\Users\bagus\OneDrive\Bagus\OneDrive\Dokumen\Magang\Rerta 1-leopard cat_baseline_BC\A-West-250m-BC-Round 8\IMG_0210.JPG,2018-01-18 04:29:39
EVT_0049,1,C:\Users\bagus\OneDrive\Bagus\OneDrive\Dokumen\Magang\Rerta 1-leopard cat_baseline_BC\A-West-250m-BC-Round 8\IMG_0211.JPG,2018-01-18 04:29:43
EVT_0049,2,C:\Users\bagus\OneDrive\Bagus\OneDrive\Dokumen\Magang\Rerta 1-leopard cat_baseline_BC\A-West-250m-BC-Round 8\IMG_0212.JPG,2018-01-18 04:29:44
EVT_0049,3,C:\Users\bagus\OneDrive\Bagus\OneDrive\Dokumen\Magang\Rerta 1-leopard cat_baseline_BC\A-West-250m-BC-Round 8\IMG_0213.JPG,2018-01-18 04:29:45
EVT_0050,1,C:\Users\bagus\OneDrive\Bagus\OneDrive\Dokumen\Magang\Rerta 1-leopard cat_baseline_BC\A-West-250m-BC-Round 8\IMG_0217.JPG,2018-01-18 18:58:16
EVT_0050,2,C:\Users\bagus\OneDrive\Bagus\OneDrive\Dokumen\Magang\Rerta 1-leopard cat_baseline_BC\A-West-250m-BC-Round 8\IMG_0218.JPG,2018-01-18 18:58:17
EVT_0050,3,C:\Users\bagus\OneDrive\Bagus\OneDrive\Dokumen\Magang\Rerta 1-leopard cat_baseline_BC\A-West-250m-BC-Round 8\IMG_0219.JPG,2018-01-18 18:58:18
EVT_0051,1,C:\Users\bagus\OneDrive\Bagus\OneDrive\Dokumen\Magang\Rerta 1-leopard cat_baseline_BC\A-West-250m-BC-Round 8\IMG_0220.JPG,2018-01-18 18:59:07
EVT_0051,2,C:\Users\bagus\OneDrive\Bagus\OneDrive\Dokumen\Magang\Rerta 1-leopard cat_baseline_BC\A-West-250m-BC-Round 8\IMG_0221.JPG,2018-01-18 18:59:08
EVT_0051,3,C:\Users\bagus\OneDrive\Bagus\OneDrive\Dokumen\Magang\Rerta 1-leopard cat_baseline_BC\A-West-250m-BC-Round 8\IMG_0222.JPG,2018-01-18 18:59:09
EVT_0052,1,C:\Users\bagus\OneDrive\Bagus\OneDrive\Dokumen\Magang\Rerta 1-leopard cat_baseline_BC\A-West-250m-BC-Round 8\IMG_0223.JPG,2018-01-18 18:59:12
EVT_0052,2,C:\Users\bagus\OneDrive\Bagus\OneDrive\Dokumen\Magang\Rerta 1-leopard cat_baseline_BC\A-West-250m-BC-Round 8\IMG_0224.JPG,2018-01-18 18:59:13
EVT_0052,3,C:\Users\bagus\OneDrive\Bagus\OneDrive\Dokumen\Magang\Rerta 1-leopard cat_baseline_BC\A-West-250m-BC-Round 8\IMG_0225.JPG,2018-01-18 18:59:14
EVT_0053,1,C:\Users\bagus\OneDrive\Bagus\OneDrive\Dokumen\Magang\Rerta 1-leopard cat_baseline_BC\A-West-250m-BC-Round 8\IMG_0226.JPG,2018-01-18 18:59:22
EVT_0053,2,C:\Users\bagus\OneDrive\Bagus\OneDrive\Dokumen\Magang\Rerta 1-leopard cat_baseline_BC\A-West-250m-BC-Round 8\IMG_0227.JPG,2018-01-18 18:59:24
EVT_0053,3,C:\Users\bagus\OneDrive\Bagus\OneDrive\Dokumen\Magang\Rerta 1-leopard cat_baseline_BC\A-West-250m-BC-Round 8\IMG_0228.JPG,2018-01-18 18:59:25
EVT_0054,1,C:\Users\bagus\OneDrive\Bagus\OneDrive\Dokumen\Magang\Rerta 1-leopard cat_baseline_BC\A-West-250m-BC-Round 8\IMG_0229.JPG,2018-01-18 18:59:26
EVT_0054,2,C:\Users\bagus\OneDrive\Bagus\OneDrive\Dokumen\Magang\Rerta 1-leopard cat_baseline_BC\A-West-250m-BC-Round 8\IMG_0230.JPG,2018-01-18 18:59:27
EVT_0054,3,C:\Users\bagus\OneDrive\Bagus\OneDrive\Dokumen\Magang\Rerta 1-leopard cat_baseline_BC\A-West-250m-BC-Round 8\IMG_0231.JPG,2018-01-18 18:59:28
EVT_0055,1,C:\Users\bagus\OneDrive\Bagus\OneDrive\Dokumen\Magang\Rerta 1-leopard cat_baseline_BC\A-West-250m-BC-Round 8\IMG_0232.JPG,2018-01-19 00:31:04
EVT_0055,2,C:\Users\bagus\OneDrive\Bagus\OneDrive\Dokumen\Magang\Rerta 1-leopard cat_baseline_BC\A-West-250m-BC-Round 8\IMG_0233.JPG,2018-01-19 00:31:05
EVT_0055,3,C:\Users\bagus\OneDrive\Bagus\OneDrive\Dokumen\Magang\Rerta 1-leopard cat_baseline_BC\A-West-250m-BC-Round 8\IMG_0234.JPG,2018-01-19 00:31:06
EVT_0056,1,C:\Users\bagus\OneDrive\Bagus\OneDrive\Dokumen\Magang\Rerta 1-leopard cat_baseline_BC\A-West-250m-BC-Round 8\IMG_0235.JPG,2018-01-19 00:31:07
EVT_0056,2,C:\Users\bagus\OneDrive\Bagus\OneDrive\Dokumen\Magang\Rerta 1-leopard cat_baseline_BC\A-West-250m-BC-Round 8\IMG_0236.JPG,2018-01-19 00:31:10
EVT_0056,3,C:\Users\bagus\OneDrive\Bagus\OneDrive\Dokumen\Magang\Rerta 1-leopard cat_baseline_BC\A-West-250m-BC-Round 8\IMG_0237.JPG,2018-01-19 00:31:11
EVT_0057,1,C:\Users\bagus\OneDrive\Bagus\OneDrive\Dokumen\Magang\Rerta 1-leopard cat_baseline_BC\A-West-250m-BC-Round 8\IMG_0238.JPG,2018-01-19 00:32:18
EVT_0057,2,C:\Users\bagus\OneDrive\Bagus\OneDrive\Dokumen\Magang\Rerta 1-leopard cat_baseline_BC\A-West-250m-BC-Round 8\IMG_0239.JPG,2018-01-19 00:32:20
EVT_0057,3,C:\Users\bagus\OneDrive\Bagus\OneDrive\Dokumen\Magang\Rerta 1-leopard cat_baseline_BC\A-West-250m-BC-Round 8\IMG_0240.JPG,2018-01-19 00:32:21
EVT_0058,1,C:\Users\bagus\OneDrive\Bagus\OneDrive\Dokumen\Magang\Rerta 1-leopard cat_baseline_BC\A-West-250m-BC-Round 8\IMG_0241.JPG,2018-01-19 00:32:23
EVT_0058,2,C:\Users\bagus\OneDrive\Bagus\OneDrive\Dokumen\Magang\Rerta 1-leopard cat_baseline_BC\A-West-250m-BC-Round 8\IMG_0242.JPG,2018-01-19 00:32:24
EVT_0058,3,C:\Users\bagus\OneDrive\Bagus\OneDrive\Dokumen\Magang\Rerta 1-leopard cat_baseline_BC\A-West-250m-BC-Round 8\IMG_0243.JPG,2018-01-19 00:32:26
EVT_0059,1,C:\Users\bagus\OneDrive\Bagus\OneDrive\Dokumen\Magang\Rerta 1-leopard cat_baseline_BC\A-West-250m-BC-Round 8\IMG_0244.JPG,2018-01-19 00:32:27
EVT_0059,2,C:\Users\bagus\OneDrive\Bagus\OneDrive\Dokumen\Magang\Rerta 1-leopard cat_baseline_BC\A-West-250m-BC-Round 8\IMG_0245.JPG,2018-01-19 00:32:28
EVT_0059,3,C:\Users\bagus\OneDrive\Bagus\OneDrive\Dokumen\Magang\Rerta 1-leopard cat_baseline_BC\A-West-250m-BC-Round 8\IMG_0246.JPG,2018-01-19 00:32:29
EVT_0060,1,C:\Users\bagus\OneDrive\Bagus\OneDrive\Dokumen\Magang\Rerta 1-leopard cat_baseline_BC\A-West-250m-BC-Round 8\IMG_0247.JPG,2018-01-19 00:35:21
EVT_0060,2,C:\Users\bagus\OneDrive\Bagus\OneDrive\Dokumen\Magang\Rerta 1-leopard cat_baseline_BC\A-West-250m-BC-Round 8\IMG_0248.JPG,2018-01-19 00:35:23
EVT_0060,3,C:\Users\bagus\OneDrive\Bagus\OneDrive\Dokumen\Magang\Rerta 1-leopard cat_baseline_BC\A-West-250m-BC-Round 8\IMG_0249.JPG,2018-01-19 00:35:25
EVT_0061,1,C:\Users\bagus\OneDrive\Bagus\OneDrive\Dokumen\Magang\Rerta 1-leopard cat_baseline_BC\A-West-250m-BC-Round 8\IMG_0250.JPG,2018-01-19 00:35:28
EVT_0061,2,C:\Users\bagus\OneDrive\Bagus\OneDrive\Dokumen\Magang\Rerta 1-leopard cat_baseline_BC\A-West-250m-BC-Round 8\IMG_0251.JPG,2018-01-19 00:35:29
EVT_0061,3,C:\Users\bagus\OneDrive\Bagus\OneDrive\Dokumen\Magang\Rerta 1-leopard cat_baseline_BC\A-West-250m-BC-Round 8\IMG_0252.JPG,2018-01-19 00:35:31
EVT_0062,1,C:\Users\bagus\OneDrive\Bagus\OneDrive\Dokumen\Magang\Rerta 1-leopard cat_baseline_BC\A-West-250m-BC-Round 8\IMG_0283.JPG,2018-01-19 18:52:50
EVT_0062,2,C:\Users\bagus\OneDrive\Bagus\OneDrive\Dokumen\Magang\Rerta 1-leopard cat_baseline_BC\A-West-250m-BC-Round 8\IMG_0284.JPG,2018-01-19 18:52:51
EVT_0062,3,C:\Users\bagus\OneDrive\Bagus\OneDrive\Dokumen\Magang\Rerta 1-leopard cat_baseline_BC\A-West-250m-BC-Round 8\IMG_0285.JPG,2018-01-19 18:52:52
EVT_0063,1,C:\Users\bagus\OneDrive\Bagus\OneDrive\Dokumen\Magang\Rerta 1-leopard cat_baseline_BC\A-West-250m-BC-Round 8\IMG_0310.JPG,2018-01-26 20:45:54
EVT_0063,2,C:\Users\bagus\OneDrive\Bagus\OneDrive\Dokumen\Magang\Rerta 1-leopard cat_baseline_BC\A-West-250m-BC-Round 8\IMG_0311.JPG,2018-01-26 20:45:55
EVT_0063,3,C:\Users\bagus\OneDrive\Bagus\OneDrive\Dokumen\Magang\Rerta 1-leopard cat_baseline_BC\A-West-250m-BC-Round 8\IMG_0312.JPG,2018-01-26 20:45:56
