event_id,label,classification,source_folder,source_consistency,timestamp,foto_1,foto_2,foto_3,orientation_foto_1,orientation_foto_2,orientation_foto_3,movement_candidate,candidate_individual,individual_candidate,reid_status
EVT_0001,leopard_cat,leopard_cat,A-East-150m-BC-Round 1,consistent,2017-10-19 04:00:20,C:\Users\bagus\OneDrive\Bagus\OneDrive\Dokumen\Magang\Rerta 1-leopard cat_baseline_BC\A-East-150m-BC-Round 1\IMG_0034.JPG,C:\Users\bagus\OneDrive\Bagus\OneDrive\Dokumen\Magang\Rerta 1-leopard cat_baseline_BC\A-East-150m-BC-Round 1\IMG_0035.JPG,C:\Users\bagus\OneDrive\Bagus\OneDrive\Dokumen\Magang\Rerta 1-leopard cat_baseline_BC\A-East-150m-BC-Round 1\IMG_0036.JPG,kanan,kanan,kanan,tidak_yakin,UNASSIGNED,UNASSIGNED,UNASSIGNED
EVT_0002,leopard_cat,leopard_cat,B-East-150m-BC-Round 2,consistent,2017-10-27 19:40:20,C:\Users\bagus\OneDrive\Bagus\OneDrive\Dokumen\Magang\Rerta 1-leopard cat_baseline_BC\B-East-150m-BC-Round 2\IMG_0055.JPG,C:\Users\bagus\OneDrive\Bagus\OneDrive\Dokumen\Magang\Rerta 1-leopard cat_baseline_BC\B-East-150m-BC-Round 2\IMG_0056.JPG,C:\Users\bagus\OneDrive\Bagus\OneDrive\Dokumen\Magang\Rerta 1-leopard cat_baseline_BC\B-East-150m-BC-Round 2\IMG_0057.JPG,kiri,kiri,kiri,tidak_yakin,UNASSIGNED,UNASSIGNED,UNASSIGNED
EVT_0003,leopard_cat,leopard_cat,B-East-150m-BC-Round 2,consistent,2017-10-27 19:40:22,C:\Users\bagus\OneDrive\Bagus\OneDrive\Dokumen\Magang\Rerta 1-leopard cat_baseline_BC\B-East-150m-BC-Round 2\IMG_0058.JPG,C:\Users\bagus\OneDrive\Bagus\OneDrive\Dokumen\Magang\Rerta 1-leopard cat_baseline_BC\B-East-150m-BC-Round 2\IMG_0059.JPG,C:\Users\bagus\OneDrive\Bagus\OneDrive\Dokumen\Magang\Rerta 1-leopard cat_baseline_BC\B-East-150m-BC-Round 2\IMG_0060.JPG,kiri,kiri,kiri,tidak_yakin,UNASSIGNED,UNASSIGNED,UNASSIGNED
EVT_0004,leopard_cat,leopard_cat,B-East-150m-BC-Round 2,consistent,2017-10-27 19:40:34,C:\Users\bagus\OneDrive\Bagus\OneDrive\Dokumen\Magang\Rerta 1-leopard cat_baseline_BC\B-East-150m-BC-Round 2\IMG_0061.JPG,C:\Users\bagus\OneDrive\Bagus\OneDrive\Dokumen\Magang\Rerta 1-leopard cat_baseline_BC\B-East-150m-BC-Round 2\IMG_0062.JPG,C:\Users\bagus\OneDrive\Bagus\OneDrive\Dokumen\Magang\Rerta 1-leopard cat_baseline_BC\B-East-150m-BC-Round 2\IMG_0063.JPG,kiri,kiri,kiri,tidak_yakin,UNASSIGNED,UNASSIGNED,UNASSIGNED
EVT_0005,leopard_cat,leopard_cat,B-East-150m-BC-Round 2,consistent,2017-11-06 16:42:29,C:\Users\bagus\OneDrive\Bagus\OneDrive\Dokumen\Magang\Rerta 1-leopard cat_baseline_BC\B-East-150m-BC-Round 2\IMG_0241.JPG,C:\Users\bagus\OneDrive\Bagus\OneDrive\Dokumen\Magang\Rerta 1-leopard cat_baseline_BC\B-East-150m-BC-Round 2\IMG_0242.JPG,C:\Users\bagus\OneDrive\Bagus\OneDrive\Dokumen\Magang\Rerta 1-leopard cat_baseline_BC\B-East-150m-BC-Round 2\IMG_0243.JPG,belakang,belakang,belakang,kanan,UNASSIGNED,UNASSIGNED,UNASSIGNED
EVT_0006,leopard_cat,leopard_cat,A-West-50m-BC-Round 2,consistent,2017-11-07 03:12:42,C:\Users\bagus\OneDrive\Bagus\OneDrive\Dokumen\Magang\Rerta 1-leopard cat_baseline_BC\A-West-50m-BC-Round 2\IMG_0265.JPG,C:\Users\bagus\OneDrive\Bagus\OneDrive\Dokumen\Magang\Rerta 1-leopard cat_baseline_BC\A-West-50m-BC-Round 2\IMG_0266.JPG,C:\Users\bagus\OneDrive\Bagus\OneDrive\Dokumen\Magang\Rerta 1-leopard cat_baseline_BC\A-West-50m-BC-Round 2\IMG_0267.JPG,kanan,kiri,kiri,tidak_yakin,UNASSIGNED,UNASSIGNED,UNASSIGNED
EVT_0007,leopard_cat,leopard_cat,A-West-50m-BC-Round 2,consistent,2017-11-07 03:12:59,C:\Users\bagus\OneDrive\Bagus\OneDrive\Dokumen\Magang\Rerta 1-leopard cat_baseline_BC\A-West-50m-BC-Round 2\IMG_0268.JPG,C:\Users\bagus\OneDrive\Bagus\OneDrive\Dokumen\Magang\Rerta 1-leopard cat_baseline_BC\A-West-50m-BC-Round 2\IMG_0269.JPG,C:\Users\bagus\OneDrive\Bagus\OneDrive\Dokumen\Magang\Rerta 1-leopard cat_baseline_BC\A-West-50m-BC-Round 2\IMG_0270.JPG,kiri,kiri,kiri,tidak_yakin,UNASSIGNED,UNASSIGNED,UNASSIGNED
EVT_0008,leopard_cat,leopard_cat,A-West-50m-BC-Round 2,consistent,2017-11-07 03:13:09,C:\Users\bagus\OneDrive\Bagus\OneDrive\Dokumen\Magang\Rerta 1-leopard cat_baseline_BC\A-West-50m-BC-Round 2\IMG_0271.JPG,C:\Users\bagus\OneDrive\Bagus\OneDrive\Dokumen\Magang\Rerta 1-leopard cat_baseline_BC\A-West-50m-BC-Round 2\IMG_0272.JPG,C:\Users\bagus\OneDrive\Bagus\OneDrive\Dokumen\Magang\Rerta 1-leopard cat_baseline_BC\A-West-50m-BC-Round 2\IMG_0273.JPG,kiri,kiri,kiri,tidak_yakin,UNASSIGNED,UNASSIGNED,UNASSIGNED
EVT_0009,leopard_cat,leopard_cat,A-West-50m-BC-Round 2,consistent,2017-11-07 03:13:19,C:\Users\bagus\OneDrive\Bagus\OneDrive\Dokumen\Magang\Rerta 1-leopard cat_baseline_BC\A-West-50m-BC-Round 2\IMG_0274.JPG,C:\Users\bagus\OneDrive\Bagus\OneDrive\Dokumen\Magang\Rerta 1-leopard cat_baseline_BC\A-West-50m-BC-Round 2\IMG_0275.JPG,C:\Users\bagus\OneDrive\Bagus\OneDrive\Dokumen\Magang\Rerta 1-leopard cat_baseline_BC\A-West-50m-BC-Round 2\IMG_0276.JPG,kiri,kiri,kiri,tidak_yakin,UNASSIGNED,UNASSIGNED,UNASSIGNED
EVT_0010,leopard_cat,leopard_cat,A-West-50m-BC-Round 3,consistent,2017-11-20 18:55:39,C:\Users\bagus\OneDrive\Bagus\OneDrive\Dokumen\Magang\Rerta 1-leopard cat_baseline_BC\A-West-50m-BC-Round 3\IMG_0028.JPG,C:\Users\bagus\OneDrive\Bagus\OneDrive\Dokumen\Magang\Rerta 1-leopard cat_baseline_BC\A-West-50m-BC-Round 3\IMG_0029.JPG,C:\Users\bagus\OneDrive\Bagus\OneDrive\Dokumen\Magang\Rerta 1-leopard cat_baseline_BC\A-West-50m-BC-Round 3\IMG_0030.JPG,kiri,kiri,kiri,tidak_yakin,UNASSIGNED,UNASSIGNED,UNASSIGNED
EVT_0011,leopard_cat,leopard_cat,A-West-50m-BC-Round 3,consistent,2017-11-20 18:55:43,C:\Users\bagus\OneDrive\Bagus\OneDrive\Dokumen\Magang\Rerta 1-leopard cat_baseline_BC\A-West-50m-BC-Round 3\IMG_0031.JPG,C:\Users\bagus\OneDrive\Bagus\OneDrive\Dokumen\Magang\Rerta 1-leopard cat_baseline_BC\A-West-50m-BC-Round 3\IMG_0032.JPG,C:\Users\bagus\OneDrive\Bagus\OneDrive\Dokumen\Magang\Rerta 1-leopard cat_baseline_BC\A-West-50m-BC-Round 3\IMG_0033.JPG,kiri,kiri,kiri,tidak_yakin,UNASSIGNED,UNASSIGNED,UNASSIGNED
EVT_0012,leopard_cat,leopard_cat,A-West-250m-BC-Round 4,consistent,2017-12-08 00:33:15,C:\Users\bagus\OneDrive\Bagus\OneDrive\Dokumen\Magang\Rerta 1-leopard cat_baseline_BC\A-West-250m-BC-Round 4\IMG_0040.JPG,C:\Users\bagus\OneDrive\Bagus\OneDrive\Dokumen\Magang\Rerta 1-leopard cat_baseline_BC\A-West-250m-BC-Round 4\IMG_0041.JPG,C:\Users\bagus\OneDrive\Bagus\OneDrive\Dokumen\Magang\Rerta 1-leopard cat_baseline_BC\A-West-250m-BC-Round 4\IMG_0042.JPG,kanan,depan,depan,tidak_yakin,UNASSIGNED,UNASSIGNED,UNASSIGNED
EVT_0013,leopard_cat,leopard_cat,A-West-250m-BC-Round 4,consistent,2017-12-08 00:33:18,C:\Users\bagus\OneDrive\Bagus\OneDrive\Dokumen\Magang\Rerta 1-leopard cat_baseline_BC\A-West-250m-BC-Round 4\IMG_0043.JPG,C:\Users\bagus\OneDrive\Bagus\OneDrive\Dokumen\Magang\Rerta 1-leopard cat_baseline_BC\A-West-250m-BC-Round 4\IMG_0044.JPG,C:\Users\bagus\OneDrive\Bagus\OneDrive\Dokumen\Magang\Rerta 1-leopard cat_baseline_BC\A-West-250m-BC-Round 4\IMG_0045.JPG,kanan,kanan,depan,kanan,IND_CAND_01,IND_CAND_01,CANDIDATE
EVT_0014,leopard_cat,leopard_cat,A-West-250m-BC-Round 4,consistent,2017-12-08 00:33:21,C:\Users\bagus\OneDrive\Bagus\OneDrive\Dokumen\Magang\Rerta 1-leopard cat_baseline_BC\A-West-250m-BC-Round 4\IMG_0046.JPG,C:\Users\bagus\OneDrive\Bagus\OneDrive\Dokumen\Magang\Rerta 1-leopard cat_baseline_BC\A-West-250m-BC-Round 4\IMG_0047.JPG,C:\Users\bagus\OneDrive\Bagus\OneDrive\Dokumen\Magang\Rerta 1-leopard cat_baseline_BC\A-West-250m-BC-Round 4\IMG_0048.JPG,depan,depan,depan,tidak_yakin,IND_CAND_01,IND_CAND_01,CANDIDATE
EVT_0015,leopard_cat,leopard_cat,A-West-250m-BC-Round 4,consistent,2017-12-08 00:33:25,C:\Users\bagus\OneDrive\Bagus\OneDrive\Dokumen\Magang\Rerta 1-leopard cat_baseline_BC\A-West-250m-BC-Round 4\IMG_0049.JPG,C:\Users\bagus\OneDrive\Bagus\OneDrive\Dokumen\Magang\Rerta 1-leopard cat_baseline_BC\A-West-250m-BC-Round 4\IMG_0050.JPG,C:\Users\bagus\OneDrive\Bagus\OneDrive\Dokumen\Magang\Rerta 1-leopard cat_baseline_BC\A-West-250m-BC-Round 4\IMG_0051.JPG,depan,depan,kanan,tidak_yakin,IND_CAND_01,IND_CAND_01,CANDIDATE
EVT_0016,leopard_cat,leopard_cat,A-West-250m-BC-Round 4,consistent,2017-12-08 00:33:29,C:\Users\bagus\OneDrive\Bagus\OneDrive\Dokumen\Magang\Rerta 1-leopard cat_baseline_BC\A-West-250m-BC-Round 4\IMG_0052.JPG,C:\Users\bagus\OneDrive\Bagus\OneDrive\Dokumen\Magang\Rerta 1-leopard cat_baseline_BC\A-West-250m-BC-Round 4\IMG_0053.JPG,C:\Users\bagus\OneDrive\Bagus\OneDrive\Dokumen\Magang\Rerta 1-leopard cat_baseline_BC\A-West-250m-BC-Round 4\IMG_0054.JPG,belakang,belakang,kanan,kanan,UNASSIGNED,UNASSIGNED,UNASSIGNED
EVT_0017,leopard_cat,leopard_cat,A-West-250m-BC-Round 4,consistent,2017-12-08 04:01:15,C:\Users\bagus\OneDrive\Bagus\OneDrive\Dokumen\Magang\Rerta 1-leopard cat_baseline_BC\A-West-250m-BC-Round 4\IMG_0055.JPG,C:\Users\bagus\OneDrive\Bagus\OneDrive\Dokumen\Magang\Rerta 1-leopard cat_baseline_BC\A-West-250m-BC-Round 4\IMG_0056.JPG,C:\Users\bagus\OneDrive\Bagus\OneDrive\Dokumen\Magang\Rerta 1-leopard cat_baseline_BC\A-West-250m-BC-Round 4\IMG_0057.JPG,kiri,kiri,kiri,tidak_yakin,UNASSIGNED,UNASSIGNED,UNASSIGNED
EVT_0018,leopard_cat,leopard_cat,A-West-250m-BC-Round 4,consistent,2017-12-08 04:01:19,C:\Users\bagus\OneDrive\Bagus\OneDrive\Dokumen\Magang\Rerta 1-leopard cat_baseline_BC\A-West-250m-BC-Round 4\IMG_0058.JPG,C:\Users\bagus\OneDrive\Bagus\OneDrive\Dokumen\Magang\Rerta 1-leopard cat_baseline_BC\A-West-250m-BC-Round 4\IMG_0059.JPG,C:\Users\bagus\OneDrive\Bagus\OneDrive\Dokumen\Magang\Rerta 1-leopard cat_baseline_BC\A-West-250m-BC-Round 4\IMG_0060.JPG,kiri,kiri,kiri,tidak_yakin,UNASSIGNED,UNASSIGNED,UNASSIGNED
EVT_0019,leopard_cat,leopard_cat,A-West-250m-BC-Round 4,consistent,2017-12-08 04:01:36,C:\Users\bagus\OneDrive\Bagus\OneDrive\Dokumen\Magang\Rerta 1-leopard cat_baseline_BC\A-West-250m-BC-Round 4\IMG_0061.JPG,C:\Users\bagus\OneDrive\Bagus\OneDrive\Dokumen\Magang\Rerta 1-leopard cat_baseline_BC\A-West-250m-BC-Round 4\IMG_0062.JPG,C:\Users\bagus\OneDrive\Bagus\OneDrive\Dokumen\Magang\Rerta 1-leopard cat_baseline_BC\A-West-250m-BC-Round 4\IMG_0063.JPG,kiri,kiri,kiri,tidak_yakin,UNASSIGNED,UNASSIGNED,UNASSIGNED
EVT_0020,leopard_cat,leopard_cat,A-West-250m-BC-Round 4,consistent,2017-12-08 04:24:20,C:\Users\bagus\OneDrive\Bagus\OneDrive\Dokumen\Magang\Rerta 1-leopard cat_baseline_BC\A-West-250m-BC-Round 4\IMG_0064.JPG,C:\Users\bagus\OneDrive\Bagus\OneDrive\Dokumen\Magang\Rerta 1-leopard cat_baseline_BC\A-West-250m-BC-Round 4\IMG_0065.JPG,C:\Users\bagus\OneDrive\Bagus\OneDrive\Dokumen\Magang\Rerta 1-leopard cat_baseline_BC\A-West-250m-BC-Round 4\IMG_0066.JPG,kanan,kanan,kanan,tidak_yakin,UNASSIGNED,UNASSIGNED,UNASSIGNED
EVT_0021,leopard_cat,leopard_cat,A-West-250m-BC-Round 4,consistent,2017-12-08 04:24:26,C:\Users\bagus\OneDrive\Bagus\OneDrive\Dokumen\Magang\Rerta 1-leopard cat_baseline_BC\A-West-250m-BC-Round 4\IMG_0067.JPG,C:\Users\bagus\OneDrive\Bagus\OneDrive\Dokumen\Magang\Rerta 1-leopard cat_baseline_BC\A-West-250m-BC-Round 4\IMG_0068.JPG,C:\Users\bagus\OneDrive\Bagus\OneDrive\Dokumen\Magang\Rerta 1-leopard cat_baseline_BC\A-West-250m-BC-Round 4\IMG_0069.JPG,kanan,kanan,kanan,tidak_yakin,UNASSIGNED,UNASSIGNED,UNASSIGNED
EVT_0022,leopard_cat,leopard_cat,A-East-350m-BC-Round 4,consistent,2017-12-09 07:18:52,C:\Users\bagus\OneDrive\Bagus\OneDrive\Dokumen\Magang\Rerta 1-leopard cat_baseline_BC\A-East-350m-BC-Round 4\IMG_0073.JPG,C:\Users\bagus\OneDrive\Bagus\OneDrive\Dokumen\Magang\Rerta 1-leopard cat_baseline_BC\A-East-350m-BC-Round 4\IMG_0074.JPG,C:\Users\bagus\OneDrive\Bagus\OneDrive\Dokumen\Magang\Rerta 1-leopard cat_baseline_BC\A-East-350m-BC-Round 4\IMG_0075.JPG,kanan,kanan,kanan,tidak_yakin,UNASSIGNED,UNASSIGNED,UNASSIGNED
EVT_0023,leopard_cat,leopard_cat,A-East-350m-BC-Round 4,consistent,2017-12-09 07:18:56,C:\Users\bagus\OneDrive\Bagus\OneDrive\Dokumen\Magang\Rerta 1-leopard cat_baseline_BC\A-East-350m-BC-Round 4\IMG_0076.JPG,C:\Users\bagus\OneDrive\Bagus\OneDrive\Dokumen\Magang\Rerta 1-leopard cat_baseline_BC\A-East-350m-BC-Round 4\IMG_0077.JPG,C:\Users\bagus\OneDrive\Bagus\OneDrive\Dokumen\Magang\Rerta 1-leopard cat_baseline_BC\A-East-350m-BC-Round 4\IMG_0078.JPG,belakang,belakang,belakang,tidak_yakin,UNASSIGNED,UNASSIGNED,UNASSIGNED
EVT_0024,leopard_cat,leopard_cat,A-West-250m-BC-Round 6,consistent,2017-12-17 18:41:50,C:\Users\bagus\OneDrive\Bagus\OneDrive\Dokumen\Magang\Rerta 1-leopard cat_baseline_BC\A-West-250m-BC-Round 6\IMG_0079.JPG,C:\Users\bagus\OneDrive\Bagus\OneDrive\Dokumen\Magang\Rerta 1-leopard cat_baseline_BC\A-West-250m-BC-Round 6\IMG_0080.JPG,C:\Users\bagus\OneDrive\Bagus\OneDrive\Dokumen\Magang\Rerta 1-leopard cat_baseline_BC\A-West-250m-BC-Round 6\IMG_0081.JPG,kiri,kiri,kiri,tidak_yakin,IND_CAND_01,IND_CAND_01,CANDIDATE
EVT_0025,leopard_cat,leopard_cat,A-West-250m-BC-Round 6,consistent,2017-12-17 18:42:29,C:\Users\bagus\OneDrive\Bagus\OneDrive\Dokumen\Magang\Rerta 1-leopard cat_baseline_BC\A-West-250m-BC-Round 6\IMG_0082.JPG,C:\Users\bagus\OneDrive\Bagus\OneDrive\Dokumen\Magang\Rerta 1-leopard cat_baseline_BC\A-West-250m-BC-Round 6\IMG_0083.JPG,C:\Users\bagus\OneDrive\Bagus\OneDrive\Dokumen\Magang\Rerta 1-leopard cat_baseline_BC\A-West-250m-BC-Round 6\IMG_0084.JPG,kanan,kanan,kanan,tidak_yakin,IND_CAND_01,IND_CAND_01,CANDIDATE
EVT_0026,leopard_cat,leopard_cat,A-West-250m-BC-Round 6,consistent,2017-12-17 18:42:37,C:\Users\bagus\OneDrive\Bagus\OneDrive\Dokumen\Magang\Rerta 1-leopard cat_baseline_BC\A-West-250m-BC-Round 6\IMG_0085.JPG,C:\Users\bagus\OneDrive\Bagus\OneDrive\Dokumen\Magang\Rerta 1-leopard cat_baseline_BC\A-West-250m-BC-Round 6\IMG_0086.JPG,C:\Users\bagus\OneDrive\Bagus\OneDrive\Dokumen\Magang\Rerta 1-leopard cat_baseline_BC\A-West-250m-BC-Round 6\IMG_0087.JPG,kanan,kanan,kanan,tidak_yakin,UNASSIGNED,UNASSIGNED,UNASSIGNED
EVT_0027,leopard_cat,leopard_cat,A-West-250m-BC-Round 6,consistent,2017-12-18 06:32:24,C:\Users\bagus\OneDrive\Bagus\OneDrive\Dokumen\Magang\Rerta 1-leopard cat_baseline_BC\A-West-250m-BC-Round 6\IMG_0088.JPG,C:\Users\bagus\OneDrive\Bagus\OneDrive\Dokumen\Magang\Rerta 1-leopard cat_baseline_BC\A-West-250m-BC-Round 6\IMG_0089.JPG,C:\Users\bagus\OneDrive\Bagus\OneDrive\Dokumen\Magang\Rerta 1-leopard cat_baseline_BC\A-West-250m-BC-Round 6\IMG_0090.JPG,kanan,kanan,kanan,tidak_yakin,UNASSIGNED,UNASSIGNED,UNASSIGNED
EVT_0028,leopard_cat,leopard_cat,A-West-250m-BC-Round 6,consistent,2017-12-19 07:35:16,C:\Users\bagus\OneDrive\Bagus\OneDrive\Dokumen\Magang\Rerta 1-leopard cat_baseline_BC\A-West-250m-BC-Round 6\IMG_0094.JPG,C:\Users\bagus\OneDrive\Bagus\OneDrive\Dokumen\Magang\Rerta 1-leopard cat_baseline_BC\A-West-250m-BC-Round 6\IMG_0095.JPG,C:\Users\bagus\OneDrive\Bagus\OneDrive\Dokumen\Magang\Rerta 1-leopard cat_baseline_BC\A-West-250m-BC-Round 6\IMG_0096.JPG,kiri,kanan,tidak_yakin,tidak_yakin,UNASSIGNED,UNASSIGNED,UNASSIGNED
EVT_0029,leopard_cat,leopard_cat,A-East-350m-BC-Round 6,consistent,2017-12-23 06:01:41,C:\Users\bagus\OneDrive\Bagus\OneDrive\Dokumen\Magang\Rerta 1-leopard cat_baseline_BC\A-East-350m-BC-Round 6\IMG_0007.JPG,C:\Users\bagus\OneDrive\Bagus\OneDrive\Dokumen\Magang\Rerta 1-leopard cat_baseline_BC\A-East-350m-BC-Round 6\IMG_0008.JPG,C:\Users\bagus\OneDrive\Bagus\OneDrive\Dokumen\Magang\Rerta 1-leopard cat_baseline_BC\A-East-350m-BC-Round 6\IMG_0009.JPG,kiri,kiri,kiri,tidak_yakin,UNASSIGNED,UNASSIGNED,UNASSIGNED
EVT_0030,leopard_cat,leopard_cat,B-East-350m-BC-Round 6,consistent,2017-12-24 03:46:53,C:\Users\bagus\OneDrive\Bagus\OneDrive\Dokumen\Magang\Rerta 1-leopard cat_baseline_BC\B-East-350m-BC-Round 6\IMG_0241.JPG,C:\Users\bagus\OneDrive\Bagus\OneDrive\Dokumen\Magang\Rerta 1-leopard cat_baseline_BC\B-East-350m-BC-Round 6\IMG_0242.JPG,C:\Users\bagus\OneDrive\Bagus\OneDrive\Dokumen\Magang\Rerta 1-leopard cat_baseline_BC\B-East-350m-BC-Round 6\IMG_0243.JPG,kanan,kanan,kanan,tidak_yakin,UNASSIGNED,UNASSIGNED,UNASSIGNED
EVT_0031,leopard_cat,leopard_cat,B-East-350m-BC-Round 6,consistent,2017-12-24 03:47:02,C:\Users\bagus\OneDrive\Bagus\OneDrive\Dokumen\Magang\Rerta 1-leopard cat_baseline_BC\B-East-350m-BC-Round 6\IMG_0244.JPG,C:\Users\bagus\OneDrive\Bagus\OneDrive\Dokumen\Magang\Rerta 1-leopard cat_baseline_BC\B-East-350m-BC-Round 6\IMG_0245.JPG,C:\Users\bagus\OneDrive\Bagus\OneDrive\Dokumen\Magang\Rerta 1-leopard cat_baseline_BC\B-East-350m-BC-Round 6\IMG_0246.JPG,kanan,kanan,kanan,tidak_yakin,UNASSIGNED,UNASSIGNED,UNASSIGNED
EVT_0032,leopard_cat,leopard_cat,B-East-350m-BC-Round 6,consistent,2017-12-24 03:47:06,C:\Users\bagus\OneDrive\Bagus\OneDrive\Dokumen\Magang\Rerta 1-leopard cat_baseline_BC\B-East-350m-BC-Round 6\IMG_0247.JPG,C:\Users\bagus\OneDrive\Bagus\OneDrive\Dokumen\Magang\Rerta 1-leopard cat_baseline_BC\B-East-350m-BC-Round 6\IMG_0248.JPG,C:\Users\bagus\OneDrive\Bagus\OneDrive\Dokumen\Magang\Rerta 1-leopard cat_baseline_BC\B-East-350m-BC-Round 6\IMG_0249.JPG,kanan,kanan,kanan,tidak_yakin,UNASSIGNED,UNASSIGNED,UNASSIGNED
EVT_0033,leopard_cat,leopard_cat,B-East-350m-BC-Round 6,consistent,2017-12-24 03:47:11,C:\Users\bagus\OneDrive\Bagus\OneDrive\Dokumen\Magang\Rerta 1-leopard cat_baseline_BC\B-East-350m-BC-Round 6\IMG_0250.JPG,C:\Users\bagus\OneDrive\Bagus\OneDrive\Dokumen\Magang\Rerta 1-leopard cat_baseline_BC\B-East-350m-BC-Round 6\IMG_0251.JPG,C:\Users\bagus\OneDrive\Bagus\OneDrive\Dokumen\Magang\Rerta 1-leopard cat_baseline_BC\B-East-350m-BC-Round 6\IMG_0252.JPG,kanan,kanan,kanan,tidak_yakin,UNASSIGNED,UNASSIGNED,UNASSIGNED
EVT_0034,leopard_cat,leopard_cat,A-West-250m-BC-Round 6,consistent,2017-12-27 06:40:55,C:\Users\bagus\OneDrive\Bagus\OneDrive\Dokumen\Magang\Rerta 1-leopard cat_baseline_BC\A-West-250m-BC-Round 6\IMG_0142.JPG,C:\Users\bagus\OneDrive\Bagus\OneDrive\Dokumen\Magang\Rerta 1-leopard cat_baseline_BC\A-West-250m-BC-Round 6\IMG_0143.JPG,C:\Users\bagus\OneDrive\Bagus\OneDrive\Dokumen\Magang\Rerta 1-leopard cat_baseline_BC\A-West-250m-BC-Round 6\IMG_0144.JPG,kanan,kanan,kanan,tidak_yakin,UNASSIGNED,UNASSIGNED,UNASSIGNED
EVT_0035,leopard_cat,leopard_cat,A-East-350m-BC-Round 7,consistent,2017-12-30 22:28:41,C:\Users\bagus\OneDrive\Bagus\OneDrive\Dokumen\Magang\Rerta 1-leopard cat_baseline_BC\A-East-350m-BC-Round 7\IMG 1 (3).JPG,C:\Users\bagus\OneDrive\Bagus\OneDrive\Dokumen\Magang\Rerta 1-leopard cat_baseline_BC\A-East-350m-BC-Round 7\IMG 1 (4).JPG,C:\Users\bagus\OneDrive\Bagus\OneDrive\Dokumen\Magang\Rerta 1-leopard cat_baseline_BC\A-East-350m-BC-Round 7\IMG 1 (5).JPG,kanan,depan,depan,tidak_yakin,IND_CAND_01,IND_CAND_01,CANDIDATE
EVT_0036,leopard_cat,leopard_cat,A-East-350m-BC-Round 7,consistent,2018-01-02 00:18:50,C:\Users\bagus\OneDrive\Bagus\OneDrive\Dokumen\Magang\Rerta 1-leopard cat_baseline_BC\A-East-350m-BC-Round 7\IMG 2 (3).JPG,C:\Users\bagus\OneDrive\Bagus\OneDrive\Dokumen\Magang\Rerta 1-leopard cat_baseline_BC\A-East-350m-BC-Round 7\IMG 2 (4).JPG,C:\Users\bagus\OneDrive\Bagus\OneDrive\Dokumen\Magang\Rerta 1-leopard cat_baseline_BC\A-East-350m-BC-Round 7\IMG 2 (5).JPG,tidak_yakin,belakang,belakang,tidak_yakin,UNASSIGNED,UNASSIGNED,UNASSIGNED
EVT_0037,leopard_cat,leopard_cat,A-East-350m-BC-Round 7,consistent,2018-01-02 00:18:56,C:\Users\bagus\OneDrive\Bagus\OneDrive\Dokumen\Magang\Rerta 1-leopard cat_baseline_BC\A-East-350m-BC-Round 7\IMG 2 (6).JPG,C:\Users\bagus\OneDrive\Bagus\OneDrive\Dokumen\Magang\Rerta 1-leopard cat_baseline_BC\A-East-350m-BC-Round 7\IMG 2 (1).JPG,C:\Users\bagus\OneDrive\Bagus\OneDrive\Dokumen\Magang\Rerta 1-leopard cat_baseline_BC\A-East-350m-BC-Round 7\IMG 2 (2).JPG,belakang,belakang,belakang,tidak_yakin,UNASSIGNED,UNASSIGNED,UNASSIGNED
EVT_0038,leopard_cat,leopard_cat,A-West-250m-BC-Round 7,consistent,2018-01-02 03:14:14,C:\Users\bagus\OneDrive\Bagus\OneDrive\Dokumen\Magang\Rerta 1-leopard cat_baseline_BC\A-West-250m-BC-Round 7\IMG_0028.JPG,C:\Users\bagus\OneDrive\Bagus\OneDrive\Dokumen\Magang\Rerta 1-leopard cat_baseline_BC\A-West-250m-BC-Round 7\IMG_0029.JPG,C:\Users\bagus\OneDrive\Bagus\OneDrive\Dokumen\Magang\Rerta 1-leopard cat_baseline_BC\A-West-250m-BC-Round 7\IMG_0030.JPG,kiri,kiri,kiri,tidak_yakin,UNASSIGNED,UNASSIGNED,UNASSIGNED
EVT_0039,leopard_cat,leopard_cat,A-West-250m-BC-Round 7,consistent,2018-01-02 03:14:47,C:\Users\bagus\OneDrive\Bagus\OneDrive\Dokumen\Magang\Rerta 1-leopard cat_baseline_BC\A-West-250m-BC-Round 7\IMG_0031.JPG,C:\Users\bagus\OneDrive\Bagus\OneDrive\Dokumen\Magang\Rerta 1-leopard cat_baseline_BC\A-West-250m-BC-Round 7\IMG_0032.JPG,C:\Users\bagus\OneDrive\Bagus\OneDrive\Dokumen\Magang\Rerta 1-leopard cat_baseline_BC\A-West-250m-BC-Round 7\IMG_0033.JPG,kiri,depan,depan,tidak_yakin,UNASSIGNED,UNASSIGNED,UNASSIGNED
EVT_0040,leopard_cat,leopard_cat,A-West-250m-BC-Round 7,consistent,2018-01-02 03:14:54,C:\Users\bagus\OneDrive\Bagus\OneDrive\Dokumen\Magang\Rerta 1-leopard cat_baseline_BC\A-West-250m-BC-Round 7\IMG_0034.JPG,C:\Users\bagus\OneDrive\Bagus\OneDrive\Dokumen\Magang\Rerta 1-leopard cat_baseline_BC\A-West-250m-BC-Round 7\IMG_0035.JPG,C:\Users\bagus\OneDrive\Bagus\OneDrive\Dokumen\Magang\Rerta 1-leopard cat_baseline_BC\A-West-250m-BC-Round 7\IMG_0036.JPG,depan,depan,depan,tidak_yakin,UNASSIGNED,UNASSIGNED,UNASSIGNED
EVT_0041,leopard_cat,leopard_cat,A-West-250m-BC-Round 7,consistent,2018-01-02 03:14:59,C:\Users\bagus\OneDrive\Bagus\OneDrive\Dokumen\Magang\Rerta 1-leopard cat_baseline_BC\A-West-250m-BC-Round 7\IMG_0037.JPG,C:\Users\bagus\OneDrive\Bagus\OneDrive\Dokumen\Magang\Rerta 1-leopard cat_baseline_BC\A-West-250m-BC-Round 7\IMG_0038.JPG,C:\Users\bagus\OneDrive\Bagus\OneDrive\Dokumen\Magang\Rerta 1-leopard cat_baseline_BC\A-West-250m-BC-Round 7\IMG_0039.JPG,depan,depan,depan,tidak_yakin,UNASSIGNED,UNASSIGNED,UNASSIGNED
EVT_0042,leopard_cat,leopard_cat,A-West-250m-BC-Round 7,consistent,2018-01-03 03:45:28,C:\Users\bagus\OneDrive\Bagus\OneDrive\Dokumen\Magang\Rerta 1-leopard cat_baseline_BC\A-West-250m-BC-Round 7\IMG_0064.JPG,C:\Users\bagus\OneDrive\Bagus\OneDrive\Dokumen\Magang\Rerta 1-leopard cat_baseline_BC\A-West-250m-BC-Round 7\IMG_0065.JPG,C:\Users\bagus\OneDrive\Bagus\OneDrive\Dokumen\Magang\Rerta 1-leopard cat_baseline_BC\A-West-250m-BC-Round 7\IMG_0066.JPG,kanan,kanan,kanan,tidak_yakin,UNASSIGNED,UNASSIGNED,UNASSIGNED
EVT_0043,leopard_cat,leopard_cat,A-East-350m-BC-Round 7,consistent,2018-01-05 18:22:13,C:\Users\bagus\OneDrive\Bagus\OneDrive\Dokumen\Magang\Rerta 1-leopard cat_baseline_BC\A-East-350m-BC-Round 7\IMG 3 (1).JPG,C:\Users\bagus\OneDrive\Bagus\OneDrive\Dokumen\Magang\Rerta 1-leopard cat_baseline_BC\A-East-350m-BC-Round 7\IMG 3 (2).JPG,C:\Users\bagus\OneDrive\Bagus\OneDrive\Dokumen\Magang\Rerta 1-leopard cat_baseline_BC\A-East-350m-BC-Round 7\IMG 3 (3).JPG,depan,belakang,belakang,tidak_yakin,UNASSIGNED,UNASSIGNED,UNASSIGNED
EVT_0044,leopard_cat,leopard_cat,A-West-250m-BC-Round 7,consistent,2018-01-09 21:34:19,C:\Users\bagus\OneDrive\Bagus\OneDrive\Dokumen\Magang\Rerta 1-leopard cat_baseline_BC\A-West-250m-BC-Round 7\IMG_0124.JPG,C:\Users\bagus\OneDrive\Bagus\OneDrive\Dokumen\Magang\Rerta 1-leopard cat_baseline_BC\A-West-250m-BC-Round 7\IMG_0125.JPG,C:\Users\bagus\OneDrive\Bagus\OneDrive\Dokumen\Magang\Rerta 1-leopard cat_baseline_BC\A-West-250m-BC-Round 7\IMG_0126.JPG,kiri,kiri,kiri,tidak_yakin,UNASSIGNED,UNASSIGNED,UNASSIGNED
EVT_0045,leopard_cat,leopard_cat,A-West-250m-BC-Round 7,consistent,2018-01-09 21:34:25,C:\Users\bagus\OneDrive\Bagus\OneDrive\Dokumen\Magang\Rerta 1-leopard cat_baseline_BC\A-West-250m-BC-Round 7\IMG_0127.JPG,C:\Users\bagus\OneDrive\Bagus\OneDrive\Dokumen\Magang\Rerta 1-leopard cat_baseline_BC\A-West-250m-BC-Round 7\IMG_0128.JPG,C:\Users\bagus\OneDrive\Bagus\OneDrive\Dokumen\Magang\Rerta 1-leopard cat_baseline_BC\A-West-250m-BC-Round 7\IMG_0129.JPG,kiri,kiri,kiri,tidak_yakin,UNASSIGNED,UNASSIGNED,UNASSIGNED
EVT_0046,leopard_cat,leopard_cat,A-West-250m-BC-Round 7,consistent,2018-01-09 21:34:28,C:\Users\bagus\OneDrive\Bagus\OneDrive\Dokumen\Magang\Rerta 1-leopard cat_baseline_BC\A-West-250m-BC-Round 7\IMG_0130.JPG,C:\Users\bagus\OneDrive\Bagus\OneDrive\Dokumen\Magang\Rerta 1-leopard cat_baseline_BC\A-West-250m-BC-Round 7\IMG_0131.JPG,C:\Users\bagus\OneDrive\Bagus\OneDrive\Dokumen\Magang\Rerta 1-leopard cat_baseline_BC\A-West-250m-BC-Round 7\IMG_0132.JPG,kiri,kiri,kiri,tidak_yakin,UNASSIGNED,UNASSIGNED,UNASSIGNED
EVT_0047,leopard_cat,leopard_cat,A-West-250m-BC-Round 7,consistent,2018-01-11 00:15:50,C:\Users\bagus\OneDrive\Bagus\OneDrive\Dokumen\Magang\Rerta 1-leopard cat_baseline_BC\A-West-250m-BC-Round 7\IMG_0136.JPG,C:\Users\bagus\OneDrive\Bagus\OneDrive\Dokumen\Magang\Rerta 1-leopard cat_baseline_BC\A-West-250m-BC-Round 7\IMG_0137.JPG,C:\Users\bagus\OneDrive\Bagus\OneDrive\Dokumen\Magang\Rerta 1-leopard cat_baseline_BC\A-West-250m-BC-Round 7\IMG_0138.JPG,kiri,kiri,kiri,tidak_yakin,UNASSIGNED,UNASSIGNED,UNASSIGNED
EVT_0048,leopard_cat,leopard_cat,A-West-250m-BC-Round 8,consistent,2018-01-18 04:29:37,C:\Users\bagus\OneDrive\Bagus\OneDrive\Dokumen\Magang\Rerta 1-leopard cat_baseline_BC\A-West-250m-BC-Round 8\IMG_0208.JPG,C:\Users\bagus\OneDrive\Bagus\OneDrive\Dokumen\Magang\Rerta 1-leopard cat_baseline_BC\A-West-250m-BC-Round 8\IMG_0209.JPG,C:\Users\bagus\OneDrive\Bagus\OneDrive\Dokumen\Magang\Rerta 1-leopard cat_baseline_BC\A-West-250m-BC-Round 8\IMG_0210.JPG,kanan,kanan,kanan,tidak_yakin,UNASSIGNED,UNASSIGNED,UNASSIGNED
EVT_0049,leopard_cat,leopard_cat,A-West-250m-BC-Round 8,consistent,2018-01-18 04:29:43,C:\Users\bagus\OneDrive\Bagus\OneDrive\Dokumen\Magang\Rerta 1-leopard cat_baseline_BC\A-West-250m-BC-Round 8\IMG_0211.JPG,C:\Users\bagus\OneDrive\Bagus\OneDrive\Dokumen\Magang\Rerta 1-leopard cat_baseline_BC\A-West-250m-BC-Round 8\IMG_0212.JPG,C:\Users\bagus\OneDrive\Bagus\OneDrive\Dokumen\Magang\Rerta 1-leopard cat_baseline_BC\A-West-250m-BC-Round 8\IMG_0213.JPG,kanan,kanan,kanan,tidak_yakin,UNASSIGNED,UNASSIGNED,UNASSIGNED
EVT_0050,leopard_cat,leopard_cat,A-West-250m-BC-Round 8,consistent,2018-01-18 18:58:16,C:\Users\bagus\OneDrive\Bagus\OneDrive\Dokumen\Magang\Rerta 1-leopard cat_baseline_BC\A-West-250m-BC-Round 8\IMG_0217.JPG,C:\Users\bagus\OneDrive\Bagus\OneDrive\Dokumen\Magang\Rerta 1-leopard cat_baseline_BC\A-West-250m-BC-Round 8\IMG_0218.JPG,C:\Users\bagus\OneDrive\Bagus\OneDrive\Dokumen\Magang\Rerta 1-leopard cat_baseline_BC\A-West-250m-BC-Round 8\IMG_0219.JPG,tidak_yakin,tidak_yakin,tidak_yakin,tidak_yakin,UNASSIGNED,UNASSIGNED,UNASSIGNED
EVT_0051,leopard_cat,leopard_cat,A-West-250m-BC-Round 8,consistent,2018-01-18 18:59:07,C:\Users\bagus\OneDrive\Bagus\OneDrive\Dokumen\Magang\Rerta 1-leopard cat_baseline_BC\A-West-250m-BC-Round 8\IMG_0220.JPG,C:\Users\bagus\OneDrive\Bagus\OneDrive\Dokumen\Magang\Rerta 1-leopard cat_baseline_BC\A-West-250m-BC-Round 8\IMG_0221.JPG,C:\Users\bagus\OneDrive\Bagus\OneDrive\Dokumen\Magang\Rerta 1-leopard cat_baseline_BC\A-West-250m-BC-Round 8\IMG_0222.JPG,belakang,depan,depan,tidak_yakin,UNASSIGNED,UNASSIGNED,UNASSIGNED
EVT_0052,leopard_cat,leopard_cat,A-West-250m-BC-Round 8,consistent,2018-01-18 18:59:12,C:\Users\bagus\OneDrive\Bagus\OneDrive\Dokumen\Magang\Rerta 1-leopard cat_baseline_BC\A-West-250m-BC-Round 8\IMG_0223.JPG,C:\Users\bagus\OneDrive\Bagus\OneDrive\Dokumen\Magang\Rerta 1-leopard cat_baseline_BC\A-West-250m-BC-Round 8\IMG_0224.JPG,C:\Users\bagus\OneDrive\Bagus\OneDrive\Dokumen\Magang\Rerta 1-leopard cat_baseline_BC\A-West-250m-BC-Round 8\IMG_0225.JPG,depan,depan,depan,tidak_yakin,UNASSIGNED,UNASSIGNED,UNASSIGNED
EVT_0053,leopard_cat,leopard_cat,A-West-250m-BC-Round 8,consistent,2018-01-18 18:59:22,C:\Users\bagus\OneDrive\Bagus\OneDrive\Dokumen\Magang\Rerta 1-leopard cat_baseline_BC\A-West-250m-BC-Round 8\IMG_0226.JPG,C:\Users\bagus\OneDrive\Bagus\OneDrive\Dokumen\Magang\Rerta 1-leopard cat_baseline_BC\A-West-250m-BC-Round 8\IMG_0227.JPG,C:\Users\bagus\OneDrive\Bagus\OneDrive\Dokumen\Magang\Rerta 1-leopard cat_baseline_BC\A-West-250m-BC-Round 8\IMG_0228.JPG,tidak_yakin,tidak_yakin,tidak_yakin,tidak_yakin,UNASSIGNED,UNASSIGNED,UNASSIGNED
EVT_0054,leopard_cat,leopard_cat,A-West-250m-BC-Round 8,consistent,2018-01-18 18:59:26,C:\Users\bagus\OneDrive\Bagus\OneDrive\Dokumen\Magang\Rerta 1-leopard cat_baseline_BC\A-West-250m-BC-Round 8\IMG_0229.JPG,C:\Users\bagus\OneDrive\Bagus\OneDrive\Dokumen\Magang\Rerta 1-leopard cat_baseline_BC\A-West-250m-BC-Round 8\IMG_0230.JPG,C:\Users\bagus\OneDrive\Bagus\OneDrive\Dokumen\Magang\Rerta 1-leopard cat_baseline_BC\A-West-250m-BC-Round 8\IMG_0231.JPG,tidak_yakin,tidak_yakin,tidak_yakin,tidak_yakin,UNASSIGNED,UNASSIGNED,UNASSIGNED
EVT_0055,leopard_cat,leopard_cat,A-West-250m-BC-Round 8,consistent,2018-01-19 00:31:04,C:\Users\bagus\OneDrive\Bagus\OneDrive\Dokumen\Magang\Rerta 1-leopard cat_baseline_BC\A-West-250m-BC-Round 8\IMG_0232.JPG,C:\Users\bagus\OneDrive\Bagus\OneDrive\Dokumen\Magang\Rerta 1-leopard cat_baseline_BC\A-West-250m-BC-Round 8\IMG_0233.JPG,C:\Users\bagus\OneDrive\Bagus\OneDrive\Dokumen\Magang\Rerta 1-leopard cat_baseline_BC\A-West-250m-BC-Round 8\IMG_0234.JPG,kiri,kiri,kiri,tidak_yakin,UNASSIGNED,UNASSIGNED,UNASSIGNED
EVT_0056,leopard_cat,leopard_cat,A-West-250m-BC-Round 8,consistent,2018-01-19 00:31:07,C:\Users\bagus\OneDrive\Bagus\OneDrive\Dokumen\Magang\Rerta 1-leopard cat_baseline_BC\A-West-250m-BC-Round 8\IMG_0235.JPG,C:\Users\bagus\OneDrive\Bagus\OneDrive\Dokumen\Magang\Rerta 1-leopard cat_baseline_BC\A-West-250m-BC-Round 8\IMG_0236.JPG,C:\Users\bagus\OneDrive\Bagus\OneDrive\Dokumen\Magang\Rerta 1-leopard cat_baseline_BC\A-West-250m-BC-Round 8\IMG_0237.JPG,kiri,tidak_yakin,tidak_yakin,tidak_yakin,UNASSIGNED,UNASSIGNED,UNASSIGNED
EVT_0057,leopard_cat,leopard_cat,A-West-250m-BC-Round 8,consistent,2018-01-19 00:32:18,C:\Users\bagus\OneDrive\Bagus\OneDrive\Dokumen\Magang\Rerta 1-leopard cat_baseline_BC\A-West-250m-BC-Round 8\IMG_0238.JPG,C:\Users\bagus\OneDrive\Bagus\OneDrive\Dokumen\Magang\Rerta 1-leopard cat_baseline_BC\A-West-250m-BC-Round 8\IMG_0239.JPG,C:\Users\bagus\OneDrive\Bagus\OneDrive\Dokumen\Magang\Rerta 1-leopard cat_baseline_BC\A-West-250m-BC-Round 8\IMG_0240.JPG,kanan,kanan,kanan,kiri,IND_CAND_01,IND_CAND_01,CANDIDATE
EVT_0058,leopard_cat,leopard_cat,A-West-250m-BC-Round 8,consistent,2018-01-19 00:32:23,C:\Users\bagus\OneDrive\Bagus\OneDrive\Dokumen\Magang\Rerta 1-leopard cat_baseline_BC\A-West-250m-BC-Round 8\IMG_0241.JPG,C:\Users\bagus\OneDrive\Bagus\OneDrive\Dokumen\Magang\Rerta 1-leopard cat_baseline_BC\A-West-250m-BC-Round 8\IMG_0242.JPG,C:\Users\bagus\OneDrive\Bagus\OneDrive\Dokumen\Magang\Rerta 1-leopard cat_baseline_BC\A-West-250m-BC-Round 8\IMG_0243.JPG,kanan,kanan,kanan,kanan,IND_CAND_01,IND_CAND_01,CANDIDATE
EVT_0059,leopard_cat,leopard_cat,A-West-250m-BC-Round 8,consistent,2018-01-19 00:32:27,C:\Users\bagus\OneDrive\Bagus\OneDrive\Dokumen\Magang\Rerta 1-leopard cat_baseline_BC\A-West-250m-BC-Round 8\IMG_0244.JPG,C:\Users\bagus\OneDrive\Bagus\OneDrive\Dokumen\Magang\Rerta 1-leopard cat_baseline_BC\A-West-250m-BC-Round 8\IMG_0245.JPG,C:\Users\bagus\OneDrive\Bagus\OneDrive\Dokumen\Magang\Rerta 1-leopard cat_baseline_BC\A-West-250m-BC-Round 8\IMG_0246.JPG,kanan,tidak_yakin,tidak_yakin,tidak_yakin,UNASSIGNED,UNASSIGNED,UNASSIGNED
EVT_0060,leopard_cat,leopard_cat,A-West-250m-BC-Round 8,consistent,2018-01-19 00:35:21,C:\Users\bagus\OneDrive\Bagus\OneDrive\Dokumen\Magang\Rerta 1-leopard cat_baseline_BC\A-West-250m-BC-Round 8\IMG_0247.JPG,C:\Users\bagus\OneDrive\Bagus\OneDrive\Dokumen\Magang\Rerta 1-leopard cat_baseline_BC\A-West-250m-BC-Round 8\IMG_0248.JPG,C:\Users\bagus\OneDrive\Bagus\OneDrive\Dokumen\Magang\Rerta 1-leopard cat_baseline_BC\A-West-250m-BC-Round 8\IMG_0249.JPG,kiri,kiri,kiri,tidak_yakin,UNASSIGNED,UNASSIGNED,UNASSIGNED
EVT_0061,leopard_cat,leopard_cat,A-West-250m-BC-Round 8,consistent,2018-01-19 00:35:28,C:\Users\bagus\OneDrive\Bagus\OneDrive\Dokumen\Magang\Rerta 1-leopard cat_baseline_BC\A-West-250m-BC-Round 8\IMG_0250.JPG,C:\Users\bagus\OneDrive\Bagus\OneDrive\Dokumen\Magang\Rerta 1-leopard cat_baseline_BC\A-West-250m-BC-Round 8\IMG_0251.JPG,C:\Users\bagus\OneDrive\Bagus\OneDrive\Dokumen\Magang\Rerta 1-leopard cat_baseline_BC\A-West-250m-BC-Round 8\IMG_0252.JPG,depan,depan,tidak_yakin,tidak_yakin,UNASSIGNED,UNASSIGNED,UNASSIGNED
EVT_0062,leopard_cat,leopard_cat,A-West-250m-BC-Round 8,consistent,2018-01-19 18:52:50,C:\Users\bagus\OneDrive\Bagus\OneDrive\Dokumen\Magang\Rerta 1-leopard cat_baseline_BC\A-West-250m-BC-Round 8\IMG_0283.JPG,C:\Users\bagus\OneDrive\Bagus\OneDrive\Dokumen\Magang\Rerta 1-leopard cat_baseline_BC\A-West-250m-BC-Round 8\IMG_0284.JPG,C:\Users\bagus\OneDrive\Bagus\OneDrive\Dokumen\Magang\Rerta 1-leopard cat_baseline_BC\A-West-250m-BC-Round 8\IMG_0285.JPG,kiri,kiri,tidak_yakin,tidak_yakin,UNASSIGNED,UNASSIGNED,UNASSIGNED
EVT_0063,leopard_cat,leopard_cat,A-West-250m-BC-Round 8,consistent,2018-01-26 20:45:54,C:\Users\bagus\OneDrive\Bagus\OneDrive\Dokumen\Magang\Rerta 1-leopard cat_baseline_BC\A-West-250m-BC-Round 8\IMG_0310.JPG,C:\Users\bagus\OneDrive\Bagus\OneDrive\Dokumen\Magang\Rerta 1-leopard cat_baseline_BC\A-West-250m-BC-Round 8\IMG_0311.JPG,C:\Users\bagus\OneDrive\Bagus\OneDrive\Dokumen\Magang\Rerta 1-leopard cat_baseline_BC\A-West-250m-BC-Round 8\IMG_0312.JPG,belakang,belakang,depan,tidak_yakin,UNASSIGNED,UNASSIGNED,UNASSIGNED
