,EVT_0002,EVT_0003,EVT_0005,EVT_0007,EVT_0010,EVT_0012,EVT_0013,EVT_0014,EVT_0015,EVT_0016,EVT_0017,EVT_0020,EVT_0023,EVT_0024,EVT_0025,EVT_0026,EVT_0035,EVT_0037,EVT_0038,EVT_0042,EVT_0045,EVT_0046,EVT_0048,EVT_0055,EVT_0056,EVT_0057,EVT_0058,EVT_0060,EVT_0061
EVT_0002,1.0000002,0.90632296,0.7139911,0.85891795,0.8346987,0.7537018,0.87803173,0.8076578,0.8493266,0.7776748,0.87832826,0.8688827,0.62926424,0.84750557,0.85541284,0.83755314,0.82088315,0.7741835,0.8437136,0.81971645,0.67914665,0.80741405,0.84412384,0.8037187,0.83142245,0.83096516,0.89326596,0.8648125,0.62242454
EVT_0003,0.90632296,1.0000001,0.7355691,0.8549004,0.85030746,0.7454196,0.870345,0.7788391,0.80402124,0.7652626,0.8561798,0.8526856,0.681286,0.8572425,0.80969024,0.80714166,0.78055066,0.7399302,0.8548262,0.78924227,0.72919023,0.8312826,0.8085013,0.8215369,0.8288803,0.8414141,0.87173235,0.8578894,0.67042315
EVT_0005,0.7139911,0.7355691,1.0000001,0.759789,0.6618702,0.6806541,0.80089843,0.7939488,0.7864065,0.67108655,0.761773,0.77231556,0.8909497,0.776948,0.75356364,0.7006973,0.77136743,0.69486713,0.7367052,0.6574422,0.623301,0.7246586,0.6951058,0.7303879,0.78012407,0.7874643,0.7779348,0.79331225,0.56606406
EVT_0007,0.85891795,0.8549004,0.759789,0.9999999,0.8436445,0.7342905,0.88124835,0.86087984,0.87441075,0.7225248,0.8429928,0.83114153,0.660519,0.8432287,0.84274924,0.79999495,0.8308332,0.7847502,0.8685981,0.75435203,0.6826241,0.79357684,0.8217275,0.76729095,0.8181136,0.853016,0.87205535,0.86073565,0.6090594
EVT_0010,0.8346987,0.85030746,0.6618702,0.8436445,1.0,0.7500715,0.84326535,0.7917469,0.8032733,0.7231298,0.81200576,0.77434117,0.5975406,0.8275659,0.777442,0.74577457,0.78613836,0.7085045,0.80396676,0.77618164,0.6851498,0.7357607,0.8083414,0.7700924,0.78180116,0.8173534,0.83953786,0.83074826,0.6214199
EVT_0012,0.7537018,0.7454196,0.6806541,0.7342905,0.7500715,0.99999994,0.8688002,0.8192977,0.80782354,0.7292383,0.7667754,0.81968856,0.6436403,0.8208153,0.74793535,0.7578343,0.7759341,0.70267147,0.7252202,0.73157907,0.6987109,0.7452773,0.7601081,0.8161926,0.7778716,0.819897,0.80118036,0.7694516,0.66122466
EVT_0013,0.87803173,0.870345,0.80089843,0.88124835,0.84326535,0.8688002,1.0,0.9300984,0.93670046,0.78973764,0.89841145,0.9259534,0.7194203,0.90664816,0.89932096,0.8467599,0.8800566,0.81683683,0.8505012,0.7991717,0.7629598,0.8433298,0.86817354,0.86265254,0.89150894,0.93482685,0.9442997,0.9268049,0.66668844
EVT_0014,0.8076578,0.7788391,0.7939488,0.86087984,0.7917469,0.8192977,0.9300984,0.9999999,0.9650507,0.7104847,0.85357094,0.8471743,0.72911596,0.84122276,0.84436333,0.79570776,0.8968661,0.7635348,0.8138505,0.70855004,0.6937479,0.7795454,0.77291536,0.7852943,0.8212561,0.9007505,0.88390243,0.8576381,0.57123715
EVT_0015,0.8493266,0.80402124,0.7864065,0.87441075,0.8032733,0.80782354,0.93670046,0.9650507,0.99999964,0.732733,0.8531859,0.87411153,0.70474863,0.85158825,0.869045,0.8171809,0.90943694,0.7968334,0.8217452,0.7410786,0.68036234,0.80732256,0.8025757,0.8004322,0.836331,0.90763664,0.9073261,0.88473284,0.57332325
EVT_0016,0.7776748,0.7652626,0.67108655,0.7225248,0.7231298,0.7292383,0.78973764,0.7104847,0.732733,1.0000001,0.7177529,0.7891865,0.58228457,0.8411069,0.77221024,0.8092637,0.776643,0.83820546,0.74636424,0.8056526,0.6563043,0.77987474,0.77307,0.8167308,0.81804174,0.73253477,0.829039,0.7495911,0.6299552
EVT_0017,0.87832826,0.8561798,0.761773,0.8429928,0.81200576,0.7667754,0.89841145,0.85357094,0.8531859,0.7177529,1.0000001,0.86599517,0.6860744,0.84250236,0.83040303,0.8179831,0.81149757,0.7368677,0.86518383,0.8009898,0.71100885,0.8023845,0.85036135,0.79491824,0.8612245,0.85907125,0.893193,0.86936116,0.62765753
EVT_0020,0.8688827,0.8526856,0.77231556,0.83114153,0.77434117,0.81968856,0.9259534,0.8471743,0.87411153,0.7891865,0.86599517,1.0000006,0.6893101,0.8799007,0.88159955,0.83936876,0.8190148,0.7778661,0.8622741,0.8219251,0.75334215,0.86690664,0.8544103,0.86449075,0.8517537,0.87218773,0.9165367,0.88430536,0.64225596
EVT_0023,0.62926424,0.681286,0.8909497,0.660519,0.5975406,0.6436403,0.7194203,0.72911596,0.70474863,0.58228457,0.6860744,0.6893101,0.99999994,0.71603346,0.6626432,0.61778176,0.6824279,0.61618364,0.66442215,0.5937787,0.60188067,0.66073495,0.6067827,0.69499433,0.70238304,0.7222348,0.6988654,0.7055783,0.5753029
EVT_0024,0.84750557,0.8572425,0.776948,0.8432287,0.8275659,0.8208153,0.90664816,0.84122276,0.85158825,0.8411069,0.84250236,0.8799007,0.71603346,0.99999976,0.87493384,0.85103774,0.8558566,0.85664177,0.8295228,0.846138,0.7543405,0.8680613,0.83490604,0.8705876,0.9033185,0.8579258,0.92137825,0.8839773,0.7525619
EVT_0025,0.85541284,0.80969024,0.75356364,0.84274924,0.777442,0.74793535,0.89932096,0.84436333,0.869045,0.77221024,0.83040303,0.88159955,0.6626432,0.87493384,1.0,0.8733631,0.83847713,0.8022852,0.7876018,0.7535295,0.6951246,0.8110385,0.82537895,0.787562,0.84902215,0.85915685,0.91203153,0.87544715,0.60631
EVT_0026,0.83755314,0.80714166,0.7006973,0.79999495,0.74577457,0.7578343,0.8467599,0.79570776,0.8171809,0.8092637,0.8179831,0.83936876,0.61778176,0.85103774,0.8733631,1.0000001,0.8099054,0.80489993,0.7925304,0.7542782,0.69032073,0.7829783,0.79586446,0.79246235,0.83659923,0.78002876,0.87519956,0.8089076,0.6042173
EVT_0035,0.82088315,0.78055066,0.77136743,0.8308332,0.78613836,0.7759341,0.8800566,0.8968661,0.90943694,0.776643,0.81149757,0.8190148,0.6824279,0.8558566,0.83847713,0.8099054,0.9999999,0.852533,0.79698205,0.7754251,0.68835765,0.7951449,0.78960574,0.8060658,0.8319129,0.8364168,0.8613142,0.83629256,0.59976804
EVT_0037,0.7741835,0.7399302,0.69486713,0.7847502,0.7085045,0.70267147,0.81683683,0.7635348,0.7968334,0.83820546,0.7368677,0.7778661,0.61618364,0.85664177,0.8022852,0.80489993,0.852533,1.0000002,0.7601377,0.7989993,0.713832,0.81704116,0.77712184,0.7771318,0.80699503,0.75330675,0.8370685,0.7769027,0.6137582
EVT_0038,0.8437136,0.8548262,0.7367052,0.8685981,0.80396676,0.7252202,0.8505012,0.8138505,0.8217452,0.74636424,0.86518383,0.8622741,0.66442215,0.8295228,0.7876018,0.7925304,0.79698205,0.7601377,0.99999994,0.82289314,0.73408806,0.83575296,0.84815073,0.81241,0.80807215,0.8147092,0.8664615,0.85279006,0.6222905
EVT_0042,0.81971645,0.78924227,0.6574422,0.75435203,0.77618164,0.73157907,0.7991717,0.70855004,0.7410786,0.8056526,0.8009898,0.8219251,0.5937787,0.846138,0.7535295,0.7542782,0.7754251,0.7989993,0.82289314,1.0000001,0.71216977,0.7959615,0.8257944,0.8313155,0.7991471,0.7445943,0.82283217,0.77059555,0.66005075
EVT_0045,0.67914665,0.72919023,0.623301,0.6826241,0.6851498,0.6987109,0.7629598,0.6937479,0.68036234,0.6563043,0.71100885,0.75334215,0.60188067,0.7543405,0.6951246,0.69032073,0.68835765,0.713832,0.73408806,0.71216977,1.0000001,0.8000685,0.71320575,0.7871748,0.68564606,0.73430574,0.76860934,0.7254046,0.6200081
EVT_0046,0.80741405,0.8312826,0.7246586,0.79357684,0.7357607,0.7452773,0.8433298,0.7795454,0.80732256,0.77987474,0.8023845,0.86690664,0.66073495,0.8680613,0.8110385,0.7829783,0.7951449,0.81704116,0.83575296,0.7959615,0.8000685,1.0000001,0.80552566,0.8563897,0.81536424,0.818233,0.8861245,0.82277,0.6361097
EVT_0048,0.84412384,0.8085013,0.6951058,0.8217275,0.8083414,0.7601081,0.86817354,0.77291536,0.8025757,0.77307,0.85036135,0.8544103,0.6067827,0.83490604,0.82537895,0.79586446,0.78960574,0.77712184,0.84815073,0.8257944,0.71320575,0.80552566,1.0,0.81199336,0.8313529,0.8131112,0.87905407,0.82936436,0.64501315
EVT_0055,0.8037187,0.8215369,0.7303879,0.76729095,0.7700924,0.8161926,0.86265254,0.7852943,0.8004322,0.8167308,0.79491824,0.86449075,0.69499433,0.8705876,0.787562,0.79246235,0.8060658,0.7771318,0.81241,0.8313155,0.7871748,0.8563897,0.81199336,0.99999964,0.82228476,0.8405035,0.863001,0.80730736,0.722008
EVT_0056,0.83142245,0.8288803,0.78012407,0.8181136,0.78180116,0.7778716,0.89150894,0.8212561,0.836331,0.81804174,0.8612245,0.8517537,0.70238304,0.9033185,0.84902215,0.83659923,0.8319129,0.80699503,0.80807215,0.7991471,0.68564606,0.81536424,0.8313529,0.82228476,1.0000001,0.85843503,0.89417106,0.8894615,0.6791069
EVT_0057,0.83096516,0.8414141,0.7874643,0.853016,0.8173534,0.819897,0.93482685,0.9007505,0.90763664,0.73253477,0.85907125,0.87218773,0.7222348,0.8579258,0.85915685,0.78002876,0.8364168,0.75330675,0.8147092,0.7445943,0.73430574,0.818233,0.8131112,0.8405035,0.85843503,0.9999998,0.9180237,0.89690423,0.6481092
EVT_0058,0.89326596,0.87173235,0.7779348,0.87205535,0.83953786,0.80118036,0.9442997,0.88390243,0.9073261,0.829039,0.893193,0.9165367,0.6988654,0.92137825,0.91203153,0.87519956,0.8613142,0.8370685,0.8664615,0.82283217,0.76860934,0.8861245,0.87905407,0.863001,0.89417106,0.9180237,0.9999999,0.92285264,0.6684966
EVT_0060,0.8648125,0.8578894,0.79331225,0.86073565,0.83074826,0.7694516,0.9268049,0.8576381,0.88473284,0.7495911,0.86936116,0.88430536,0.7055783,0.8839773,0.87544715,0.8089076,0.83629256,0.7769027,0.85279006,0.77059555,0.7254046,0.82277,0.82936436,0.80730736,0.8894615,0.89690423,0.92285264,1.0000002,0.6388161
EVT_0061,0.62242454,0.67042315,0.56606406,0.6090594,0.6214199,0.66122466,0.66668844,0.57123715,0.57332325,0.6299552,0.62765753,0.64225596,0.5753029,0.7525619,0.60631,0.6042173,0.59976804,0.6137582,0.6222905,0.66005075,0.6200081,0.6361097,0.64501315,0.722008,0.6791069,0.6481092,0.6684966,0.6388161,1.0
