event_1,event_2,similarity
EVT_0014,EVT_0015,0.9650506973266602
EVT_0013,EVT_0058,0.9442996978759766
EVT_0013,EVT_0015,0.9367004632949829
EVT_0013,EVT_0057,0.9348268508911133
EVT_0013,EVT_0014,0.9300984144210815
EVT_0013,EVT_0060,0.9268049001693726
EVT_0013,EVT_0020,0.9259533882141113
EVT_0058,EVT_0060,0.922852635383606
EVT_0024,EVT_0058,0.9213782548904419
EVT_0057,EVT_0058,0.9180237054824829
EVT_0020,EVT_0058,0.9165366888046265
EVT_0025,EVT_0058,0.9120315313339233
EVT_0015,EVT_0035,0.9094369411468506
EVT_0015,EVT_0057,0.9076366424560547
EVT_0015,EVT_0058,0.9073261022567749
EVT_0013,EVT_0024,0.9066481590270996
EVT_0002,EVT_0003,0.9063229560852051
EVT_0024,EVT_0056,0.9033185243606567
EVT_0014,EVT_0057,0.9007505178451538
EVT_0013,EVT_0025,0.8993209600448608
EVT_0013,EVT_0017,0.8984114527702332
EVT_0057,EVT_0060,0.8969042301177979
EVT_0014,EVT_0035,0.8968660831451416
EVT_0056,EVT_0058,0.8941710591316223
EVT_0002,EVT_0058,0.893265962600708
EVT_0017,EVT_0058,0.8931930065155029
EVT_0013,EVT_0056,0.891508936882019
EVT_0005,EVT_0023,0.8909497261047363
EVT_0056,EVT_0060,0.8894615173339844
EVT_0046,EVT_0058,0.8861244916915894
