event_id,candidate_individual,status
EVT_0002,IND_CAND_02,CANDIDATE
EVT_0005,UNCERTAIN,UNCERTAIN
EVT_0012,UNCERTAIN,UNCERTAIN
EVT_0013,IND_CAND_01,CANDIDATE
EVT_0014,IND_CAND_01,CANDIDATE
EVT_0015,IND_CAND_01,CANDIDATE
EVT_0024,IND_CAND_02,CANDIDATE
EVT_0025,IND_CAND_02,CANDIDATE
EVT_0026,IND_CAND_03,CANDIDATE
EVT_0035,IND_CAND_01,CANDIDATE
EVT_0037,IND_CAND_03,CANDIDATE
EVT_0055,UNCERTAIN,UNCERTAIN
EVT_0057,IND_CAND_01,CANDIDATE
EVT_0058,IND_CAND_01,CANDIDATE
EVT_0060,IND_CAND_01,CANDIDATE
EVT_0061,UNCERTAIN,UNCERTAIN
